season,competition,round,event_id,match_code,match_label,home_team,away_team,incident_id,incident_type,incident_class,time,added_time,is_home,home_score,away_score,scorer_name,scorer_id,assist_name,assist_id,carded_player_name,carded_player_id,card_reason,player_in_name,player_in_id,player_out_name,player_out_id,transformed_at
2026,"Pernambucano, Serie A1",1,15204423,jOswXWd,AD Jaguar x Sport Recife,AD Jaguar,Sport Recife,,period,,90.0,999.0,,,,,,,,,,,,,,,2026-04-14T17:35:38.448970Z
2026,"Pernambucano, Serie A1",1,15204423,jOswXWd,AD Jaguar x Sport Recife,AD Jaguar,Sport Recife,124510728.0,card,yellow,90.0,2.0,False,,,,,,,Cordeiro,1637199.0,Foul,,,,,2026-04-14T17:35:38.448970Z
2026,"Pernambucano, Serie A1",1,15204423,jOswXWd,AD Jaguar x Sport Recife,AD Jaguar,Sport Recife,124510727.0,card,yellow,89.0,,False,,,,,,,Dedé,1873287.0,Foul,,,,,2026-04-14T17:35:38.448970Z
2026,"Pernambucano, Serie A1",1,15204423,jOswXWd,AD Jaguar x Sport Recife,AD Jaguar,Sport Recife,125331274.0,substitution,regular,87.0,,False,,,,,,,,,,Cordeiro,1637199.0,Rafinha,1844212.0,2026-04-14T17:35:38.448970Z
2026,"Pernambucano, Serie A1",1,15204423,jOswXWd,AD Jaguar x Sport Recife,AD Jaguar,Sport Recife,125331279.0,substitution,regular,86.0,,True,,,,,,,,,,David Freitas,2027285.0,Ruan Veloso,1524160.0,2026-04-14T17:35:38.448970Z
2026,"Pernambucano, Serie A1",1,15204423,jOswXWd,AD Jaguar x Sport Recife,AD Jaguar,Sport Recife,124510726.0,card,yellow,83.0,,True,,,,,,,Medina,1176996.0,Foul,,,,,2026-04-14T17:35:38.448970Z
2026,"Pernambucano, Serie A1",1,15204423,jOswXWd,AD Jaguar x Sport Recife,AD Jaguar,Sport Recife,125331278.0,substitution,regular,78.0,,True,,,,,,,,,,Vitor Henrique da Silva,2440707.0,Edson  Carlos da Silva,1609733.0,2026-04-14T17:35:38.448970Z
2026,"Pernambucano, Serie A1",1,15204423,jOswXWd,AD Jaguar x Sport Recife,AD Jaguar,Sport Recife,125331273.0,substitution,regular,74.0,,False,,,,,,,,,,Arthur Maron Cruz,2118602.0,Breno,2033875.0,2026-04-14T17:35:38.448970Z
2026,"Pernambucano, Serie A1",1,15204423,jOswXWd,AD Jaguar x Sport Recife,AD Jaguar,Sport Recife,125331272.0,substitution,regular,69.0,,False,,,,,,,,,,Jefferson Borges do Nascimento,2029933.0,Felipinho,2029928.0,2026-04-14T17:35:38.448970Z
2026,"Pernambucano, Serie A1",1,15204423,jOswXWd,AD Jaguar x Sport Recife,AD Jaguar,Sport Recife,125331271.0,substitution,regular,69.0,,False,,,,,,,,,,Arthur Moreira,1831106.0,Fillipy do Rozário Teixeira,1883314.0,2026-04-14T17:35:38.448970Z
2026,"Pernambucano, Serie A1",1,15204423,jOswXWd,AD Jaguar x Sport Recife,AD Jaguar,Sport Recife,125331277.0,substitution,regular,59.0,,True,,,,,,,,,,Juninho,1109165.0,Jailton,1174512.0,2026-04-14T17:35:38.448970Z
2026,"Pernambucano, Serie A1",1,15204423,jOswXWd,AD Jaguar x Sport Recife,AD Jaguar,Sport Recife,125331276.0,substitution,regular,59.0,,True,,,,,,,,,,Guilherme,2030010.0,Erik,611874.0,2026-04-14T17:35:38.448970Z
2026,"Pernambucano, Serie A1",1,15204423,jOswXWd,AD Jaguar x Sport Recife,AD Jaguar,Sport Recife,334762896.0,goal,regular,53.0,,False,2.0,2.0,Fillipy do Rozário Teixeira,1883314.0,Rafinha,1844212.0,,,,,,,,2026-04-14T17:35:38.448970Z
2026,"Pernambucano, Serie A1",1,15204423,jOswXWd,AD Jaguar x Sport Recife,AD Jaguar,Sport Recife,125331275.0,substitution,regular,46.0,,True,,,,,,,,,,Leo Magoh,2027675.0,Fabricio Aguiar de Oliveira,2440708.0,2026-04-14T17:35:38.448970Z
2026,"Pernambucano, Serie A1",1,15204423,jOswXWd,AD Jaguar x Sport Recife,AD Jaguar,Sport Recife,,period,,45.0,999.0,,,,,,,,,,,,,,,2026-04-14T17:35:38.448970Z
2026,"Pernambucano, Serie A1",1,15204423,jOswXWd,AD Jaguar x Sport Recife,AD Jaguar,Sport Recife,334762895.0,goal,regular,42.0,,True,2.0,1.0,Paulo Miranda,1175986.0,Fabricio Aguiar de Oliveira,2440708.0,,,,,,,,2026-04-14T17:35:38.448970Z
2026,"Pernambucano, Serie A1",1,15204423,jOswXWd,AD Jaguar x Sport Recife,AD Jaguar,Sport Recife,124510725.0,card,yellow,40.0,,False,,,,,,,Felype Gabriel,1650370.0,,,,,,2026-04-14T17:35:38.448970Z
2026,"Pernambucano, Serie A1",1,15204423,jOswXWd,AD Jaguar x Sport Recife,AD Jaguar,Sport Recife,334762894.0,goal,regular,39.0,,False,1.0,1.0,Felype Gabriel,1650370.0,,,,,,,,,,2026-04-14T17:35:38.448970Z
2026,"Pernambucano, Serie A1",1,15204423,jOswXWd,AD Jaguar x Sport Recife,AD Jaguar,Sport Recife,124510724.0,card,yellow,37.0,,True,,,,,,,Nilson,339683.0,Foul,,,,,2026-04-14T17:35:38.448970Z
2026,"Pernambucano, Serie A1",1,15204423,jOswXWd,AD Jaguar x Sport Recife,AD Jaguar,Sport Recife,124510723.0,card,yellow,30.0,,False,,,,,,,Italo Lucas,2113584.0,Foul,,,,,2026-04-14T17:35:38.448970Z
2026,"Pernambucano, Serie A1",1,15204423,jOswXWd,AD Jaguar x Sport Recife,AD Jaguar,Sport Recife,124510722.0,card,yellow,22.0,,True,,,,,,,Fabricio Aguiar de Oliveira,2440708.0,Foul,,,,,2026-04-14T17:35:38.448970Z
2026,"Pernambucano, Serie A1",1,15204423,jOswXWd,AD Jaguar x Sport Recife,AD Jaguar,Sport Recife,124510721.0,card,yellow,18.0,,True,,,,,,,Gil Mineiro,835248.0,Foul,,,,,2026-04-14T17:35:38.448970Z
2026,"Pernambucano, Serie A1",1,15204423,jOswXWd,AD Jaguar x Sport Recife,AD Jaguar,Sport Recife,334762893.0,goal,regular,15.0,,True,1.0,0.0,Edson  Carlos da Silva,1609733.0,Medina,1176996.0,,,,,,,,2026-04-14T17:35:38.448970Z
2026,"Pernambucano, Serie A1",2,15204429,jOsOWEc,Sport Recife x Retrô,Sport Recife,Retrô,,period,,90.0,999.0,,,,,,,,,,,,,,,2026-04-14T17:35:38.448970Z
2026,"Pernambucano, Serie A1",2,15204429,jOsOWEc,Sport Recife x Retrô,Sport Recife,Retrô,125344582.0,substitution,regular,83.0,,True,,,,,,,,,,Cordeiro,1637199.0,Rafinha,1844212.0,2026-04-14T17:35:38.448970Z
2026,"Pernambucano, Serie A1",2,15204429,jOsOWEc,Sport Recife x Retrô,Sport Recife,Retrô,125344581.0,substitution,regular,76.0,,True,,,,,,,,,,Arthur Maron Cruz,2118602.0,Micael de Barros Viturino,1919858.0,2026-04-14T17:35:38.448970Z
2026,"Pernambucano, Serie A1",2,15204429,jOsOWEc,Sport Recife x Retrô,Sport Recife,Retrô,125344577.0,substitution,regular,67.0,,False,,,,,,,,,,Vágner Love,13313.0,Radsley,1148275.0,2026-04-14T17:35:38.448970Z
2026,"Pernambucano, Serie A1",2,15204429,jOsOWEc,Sport Recife x Retrô,Sport Recife,Retrô,125344580.0,substitution,regular,65.0,,True,,,,,,,,,,Jose Fernando de Lima Soares,1587851.0,Felipinho,2029928.0,2026-04-14T17:35:38.448970Z
2026,"Pernambucano, Serie A1",2,15204429,jOsOWEc,Sport Recife x Retrô,Sport Recife,Retrô,125344579.0,substitution,regular,65.0,,True,,,,,,,,,,Rafael de Jesus Santana Ferreira,2123752.0,Fillipy do Rozário Teixeira,1883314.0,2026-04-14T17:35:38.448970Z
2026,"Pernambucano, Serie A1",2,15204429,jOsOWEc,Sport Recife x Retrô,Sport Recife,Retrô,125344578.0,substitution,regular,65.0,,True,,,,,,,,,,Jefferson Borges do Nascimento,2029933.0,Augusto Pucci,2027140.0,2026-04-14T17:35:38.448970Z
2026,"Pernambucano, Serie A1",2,15204429,jOsOWEc,Sport Recife x Retrô,Sport Recife,Retrô,124555551.0,card,yellow,57.0,,True,,,,,,,Rafinha,1844212.0,Foul,,,,,2026-04-14T17:35:38.448970Z
2026,"Pernambucano, Serie A1",2,15204429,jOsOWEc,Sport Recife x Retrô,Sport Recife,Retrô,124555550.0,card,yellow,46.0,,False,,,,,,,Luiz Henrique,1017715.0,,,,,,2026-04-14T17:35:38.448970Z
2026,"Pernambucano, Serie A1",2,15204429,jOsOWEc,Sport Recife x Retrô,Sport Recife,Retrô,125344576.0,substitution,regular,46.0,,False,,,,,,,,,,Ericson Araújo da Costa Filho,1589211.0,Douglas,1514519.0,2026-04-14T17:35:38.448970Z
2026,"Pernambucano, Serie A1",2,15204429,jOsOWEc,Sport Recife x Retrô,Sport Recife,Retrô,125344575.0,substitution,regular,46.0,,False,,,,,,,,,,Bruno Henrique,1103704.0,Diego Matos Guerra,1462971.0,2026-04-14T17:35:38.448970Z
2026,"Pernambucano, Serie A1",2,15204429,jOsOWEc,Sport Recife x Retrô,Sport Recife,Retrô,125344574.0,substitution,regular,46.0,,False,,,,,,,,,,Fabrício Pereira,875225.0,Kadi,2138112.0,2026-04-14T17:35:38.448970Z
2026,"Pernambucano, Serie A1",2,15204429,jOsOWEc,Sport Recife x Retrô,Sport Recife,Retrô,125344573.0,substitution,regular,46.0,,False,,,,,,,,,,Júnior Fialho,1067454.0,Willian Lira Sousa,941008.0,2026-04-14T17:35:38.448970Z
2026,"Pernambucano, Serie A1",2,15204429,jOsOWEc,Sport Recife x Retrô,Sport Recife,Retrô,,period,,45.0,999.0,,,,,,,,,,,,,,,2026-04-14T17:35:38.448970Z
2026,"Pernambucano, Serie A1",2,15204429,jOsOWEc,Sport Recife x Retrô,Sport Recife,Retrô,336115402.0,goal,regular,40.0,,True,2.0,0.0,Fillipy do Rozário Teixeira,1883314.0,,,,,,,,,,2026-04-14T17:35:38.448970Z
2026,"Pernambucano, Serie A1",2,15204429,jOsOWEc,Sport Recife x Retrô,Sport Recife,Retrô,124555549.0,card,yellow,33.0,,False,,,,,,,Kadi,2138112.0,Foul,,,,,2026-04-14T17:35:38.448970Z
2026,"Pernambucano, Serie A1",2,15204429,jOsOWEc,Sport Recife x Retrô,Sport Recife,Retrô,336115401.0,goal,regular,15.0,,True,1.0,0.0,Micael de Barros Viturino,1919858.0,Felipinho,2029928.0,,,,,,,,2026-04-14T17:35:38.448970Z
2026,"Pernambucano, Serie A1",3,15204428,jOslP,Náutico x Sport Recife,Náutico,Sport Recife,,period,,90.0,999.0,,,,,,,,,,,,,,,2026-04-14T17:35:38.448970Z
2026,"Pernambucano, Serie A1",3,15204428,jOslP,Náutico x Sport Recife,Náutico,Sport Recife,335679981.0,goal,regular,86.0,,True,4.0,0.0,Paulo Sérgio,34168.0,Reginaldo,555456.0,,,,,,,,2026-04-14T17:35:38.448970Z
2026,"Pernambucano, Serie A1",3,15204428,jOslP,Náutico x Sport Recife,Náutico,Sport Recife,125363179.0,substitution,regular,78.0,,True,,,,,,,,,,Felipe Saraiva,882076.0,Vinícius,124807.0,2026-04-14T17:35:38.448970Z
2026,"Pernambucano, Serie A1",3,15204428,jOslP,Náutico x Sport Recife,Náutico,Sport Recife,125363183.0,substitution,regular,75.0,,False,,,,,,,,,,Caio Moura,1831122.0,Dedé,1873287.0,2026-04-14T17:35:38.448970Z
2026,"Pernambucano, Serie A1",3,15204428,jOslP,Náutico x Sport Recife,Náutico,Sport Recife,124541094.0,card,yellow,75.0,,False,,,,,,,Rafael de Jesus Santana Ferreira,2123752.0,Foul,,,,,2026-04-14T17:35:38.448970Z
2026,"Pernambucano, Serie A1",3,15204428,jOslP,Náutico x Sport Recife,Náutico,Sport Recife,335679980.0,goal,regular,73.0,,True,3.0,0.0,Paulo Sérgio,34168.0,Vinícius,124807.0,,,,,,,,2026-04-14T17:35:38.448970Z
2026,"Pernambucano, Serie A1",3,15204428,jOslP,Náutico x Sport Recife,Náutico,Sport Recife,335679979.0,goal,regular,67.0,,True,2.0,0.0,Vinícius,124807.0,Dodô,1018871.0,,,,,,,,2026-04-14T17:35:38.448970Z
2026,"Pernambucano, Serie A1",3,15204428,jOslP,Náutico x Sport Recife,Náutico,Sport Recife,125363182.0,substitution,regular,66.0,,False,,,,,,,,,,Jefferson Borges do Nascimento,2029933.0,Fillipy do Rozário Teixeira,1883314.0,2026-04-14T17:35:38.448970Z
2026,"Pernambucano, Serie A1",3,15204428,jOslP,Náutico x Sport Recife,Náutico,Sport Recife,125363181.0,substitution,regular,66.0,,False,,,,,,,,,,Rafael de Jesus Santana Ferreira,2123752.0,Felipinho,2029928.0,2026-04-14T17:35:38.448970Z
2026,"Pernambucano, Serie A1",3,15204428,jOslP,Náutico x Sport Recife,Náutico,Sport Recife,125363180.0,substitution,regular,66.0,,False,,,,,,,,,,Jose Fernando de Lima Soares,1587851.0,Augusto Pucci,2027140.0,2026-04-14T17:35:38.448970Z
2026,"Pernambucano, Serie A1",3,15204428,jOslP,Náutico x Sport Recife,Náutico,Sport Recife,125363178.0,substitution,regular,63.0,,True,,,,,,,,,,Jonas Toró,931472.0,Todinho,880215.0,2026-04-14T17:35:38.448970Z
2026,"Pernambucano, Serie A1",3,15204428,jOslP,Náutico x Sport Recife,Náutico,Sport Recife,125363177.0,substitution,regular,54.0,,True,,,,,,,,,,Reginaldo,555456.0,Arnaldo,801074.0,2026-04-14T17:35:38.448970Z
2026,"Pernambucano, Serie A1",3,15204428,jOslP,Náutico x Sport Recife,Náutico,Sport Recife,125363176.0,substitution,regular,46.0,,True,,,,,,,,,,Wanderson,871476.0,Luiz Felipe,1111235.0,2026-04-14T17:35:38.448970Z
2026,"Pernambucano, Serie A1",3,15204428,jOslP,Náutico x Sport Recife,Náutico,Sport Recife,125363175.0,substitution,regular,46.0,,True,,,,,,,,,,Ramon,958169.0,Mateus Silva,870300.0,2026-04-14T17:35:38.448970Z
2026,"Pernambucano, Serie A1",3,15204428,jOslP,Náutico x Sport Recife,Náutico,Sport Recife,,period,,45.0,999.0,,,,,,,,,,,,,,,2026-04-14T17:35:38.448970Z
2026,"Pernambucano, Serie A1",3,15204428,jOslP,Náutico x Sport Recife,Náutico,Sport Recife,124541093.0,card,yellow,45.0,3.0,True,,,,,,,Todinho,880215.0,Foul,,,,,2026-04-14T17:35:38.448970Z
2026,"Pernambucano, Serie A1",3,15204428,jOslP,Náutico x Sport Recife,Náutico,Sport Recife,124541092.0,card,yellow,45.0,3.0,True,,,,,,,Samuel Felix Rodrigues,1634078.0,Foul,,,,,2026-04-14T17:35:38.448970Z
2026,"Pernambucano, Serie A1",3,15204428,jOslP,Náutico x Sport Recife,Náutico,Sport Recife,124541091.0,card,yellow,41.0,,True,,,,,,,Mateus Silva,870300.0,Foul,,,,,2026-04-14T17:35:38.448970Z
2026,"Pernambucano, Serie A1",3,15204428,jOslP,Náutico x Sport Recife,Náutico,Sport Recife,124541090.0,card,yellow,41.0,,False,,,,,,,Italo Lucas,2113584.0,,,,,,2026-04-14T17:35:38.448970Z
2026,"Pernambucano, Serie A1",3,15204428,jOslP,Náutico x Sport Recife,Náutico,Sport Recife,124541089.0,card,yellow,40.0,,True,,,,,,,Vinícius,124807.0,,,,,,2026-04-14T17:35:38.448970Z
2026,"Pernambucano, Serie A1",3,15204428,jOslP,Náutico x Sport Recife,Náutico,Sport Recife,124541088.0,card,yellow,35.0,,False,,,,,,,Patrick Jorge de Oliveira Ferraz,2033880.0,,,,,,2026-04-14T17:35:38.448970Z
2026,"Pernambucano, Serie A1",3,15204428,jOslP,Náutico x Sport Recife,Náutico,Sport Recife,124541087.0,card,yellow,27.0,,False,,,,,,,Antônio Adriano,1019685.0,Foul,,,,,2026-04-14T17:35:38.448970Z
2026,"Pernambucano, Serie A1",3,15204428,jOslP,Náutico x Sport Recife,Náutico,Sport Recife,335679978.0,goal,regular,24.0,,True,1.0,0.0,Dodô,1018871.0,Luiz Felipe,1111235.0,,,,,,,,2026-04-14T17:35:38.448970Z
2026,"Pernambucano, Serie A1",4,15204430,jOsToWd,Sport Recife x Decisão Goiana,Sport Recife,Decisão Goiana,,period,,90.0,999.0,,,,,,,,,,,,,,,2026-04-14T17:35:38.448970Z
2026,"Pernambucano, Serie A1",4,15204430,jOsToWd,Sport Recife x Decisão Goiana,Sport Recife,Decisão Goiana,124600653.0,card,yellow,87.0,,False,,,,,,,Kauan Diego,1633769.0,Foul,,,,,2026-04-14T17:35:38.448970Z
2026,"Pernambucano, Serie A1",4,15204430,jOsToWd,Sport Recife x Decisão Goiana,Sport Recife,Decisão Goiana,125378180.0,substitution,regular,83.0,,False,,,,,,,,,,Yan Santana Braga,1589447.0,Bambam,243829.0,2026-04-14T17:35:38.448970Z
2026,"Pernambucano, Serie A1",4,15204430,jOsToWd,Sport Recife x Decisão Goiana,Sport Recife,Decisão Goiana,337152357.0,goal,penalty,82.0,,True,4.0,0.0,Zé Roberto,842076.0,,,,,,,,,,2026-04-14T17:35:38.448970Z
2026,"Pernambucano, Serie A1",4,15204430,jOsToWd,Sport Recife x Decisão Goiana,Sport Recife,Decisão Goiana,124600652.0,card,yellow,80.0,,False,,,,,,,Henrique Vieira de Araujo,2441494.0,Foul,,,,,2026-04-14T17:35:38.448970Z
2026,"Pernambucano, Serie A1",4,15204430,jOsToWd,Sport Recife x Decisão Goiana,Sport Recife,Decisão Goiana,125378175.0,substitution,regular,73.0,,True,,,,,,,,,,Dedé,1873287.0,Zé Gabriel,988852.0,2026-04-14T17:35:38.448970Z
2026,"Pernambucano, Serie A1",4,15204430,jOsToWd,Sport Recife x Decisão Goiana,Sport Recife,Decisão Goiana,125378179.0,substitution,regular,70.0,,False,,,,,,,,,,Henrique Vieira de Araujo,2441494.0,Pablinho,1465710.0,2026-04-14T17:35:38.448970Z
2026,"Pernambucano, Serie A1",4,15204430,jOsToWd,Sport Recife x Decisão Goiana,Sport Recife,Decisão Goiana,125378174.0,substitution,regular,68.0,,True,,,,,,,,,,Micael de Barros Viturino,1919858.0,Gustavo Maia,1023049.0,2026-04-14T17:35:38.448970Z
2026,"Pernambucano, Serie A1",4,15204430,jOsToWd,Sport Recife x Decisão Goiana,Sport Recife,Decisão Goiana,125378173.0,substitution,regular,68.0,,True,,,,,,,,,,Zé Roberto,842076.0,Gustavo Coutinho,981595.0,2026-04-14T17:35:38.448970Z
2026,"Pernambucano, Serie A1",4,15204430,jOsToWd,Sport Recife x Decisão Goiana,Sport Recife,Decisão Goiana,337152356.0,goal,regular,64.0,,True,3.0,0.0,Felipinho,1048276.0,,,,,,,,,,2026-04-14T17:35:38.448970Z
2026,"Pernambucano, Serie A1",4,15204430,jOsToWd,Sport Recife x Decisão Goiana,Sport Recife,Decisão Goiana,125378172.0,substitution,regular,60.0,,True,,,,,,,,,,Marlon,965796.0,Pedro Victor Martins,1106488.0,2026-04-14T17:35:38.448970Z
2026,"Pernambucano, Serie A1",4,15204430,jOsToWd,Sport Recife x Decisão Goiana,Sport Recife,Decisão Goiana,125378171.0,substitution,regular,60.0,,True,,,,,,,,,,Augusto Pucci,2027140.0,Max,1105838.0,2026-04-14T17:35:38.448970Z
2026,"Pernambucano, Serie A1",4,15204430,jOsToWd,Sport Recife x Decisão Goiana,Sport Recife,Decisão Goiana,125378178.0,substitution,regular,57.0,,False,,,,,,,,,,Luis Lipek,2048244.0,Fernando Portel,1634678.0,2026-04-14T17:35:38.448970Z
2026,"Pernambucano, Serie A1",4,15204430,jOsToWd,Sport Recife x Decisão Goiana,Sport Recife,Decisão Goiana,125378177.0,substitution,regular,57.0,,False,,,,,,,,,,Alexandre Melo,994304.0,Ricardo Batista,1148325.0,2026-04-14T17:35:38.448970Z
2026,"Pernambucano, Serie A1",4,15204430,jOsToWd,Sport Recife x Decisão Goiana,Sport Recife,Decisão Goiana,337152355.0,goal,regular,52.0,,True,2.0,0.0,Marcelo Ajul,1634992.0,,,,,,,,,,2026-04-14T17:35:38.448970Z
2026,"Pernambucano, Serie A1",4,15204430,jOsToWd,Sport Recife x Decisão Goiana,Sport Recife,Decisão Goiana,124600651.0,card,yellow,48.0,,True,,,,,,,Max,1105838.0,,,,,,2026-04-14T17:35:38.448970Z
2026,"Pernambucano, Serie A1",4,15204430,jOsToWd,Sport Recife x Decisão Goiana,Sport Recife,Decisão Goiana,125378176.0,substitution,regular,46.0,,False,,,,,,,,,,Tagarela,1464815.0,Mosquito,1606350.0,2026-04-14T17:35:38.448970Z
2026,"Pernambucano, Serie A1",4,15204430,jOsToWd,Sport Recife x Decisão Goiana,Sport Recife,Decisão Goiana,,period,,45.0,999.0,,,,,,,,,,,,,,,2026-04-14T17:35:38.448970Z
2026,"Pernambucano, Serie A1",4,15204430,jOsToWd,Sport Recife x Decisão Goiana,Sport Recife,Decisão Goiana,124600650.0,card,yellow,36.0,,True,,,,,,,Felipinho,1048276.0,,,,,,2026-04-14T17:35:38.448970Z
2026,"Pernambucano, Serie A1",4,15204430,jOsToWd,Sport Recife x Decisão Goiana,Sport Recife,Decisão Goiana,337152354.0,goal,regular,27.0,,True,1.0,0.0,Chrystian Barletta,1035765.0,Gustavo Maia,1023049.0,,,,,,,,2026-04-14T17:35:38.448970Z
2026,"Pernambucano, Serie A1",5,15204425,jOsydn,Sport Recife x Acadêmica Vitória,Sport Recife,Acadêmica Vitória,,period,,90.0,999.0,,,,,,,,,,,,,,,2026-04-14T17:35:38.448970Z
2026,"Pernambucano, Serie A1",5,15204425,jOsydn,Sport Recife x Acadêmica Vitória,Sport Recife,Acadêmica Vitória,336884053.0,goal,regular,90.0,2.0,True,3.0,0.0,Marcelo Ajul,1634992.0,Fillipy do Rozário Teixeira,1883314.0,,,,,,,,2026-04-14T17:35:38.448970Z
2026,"Pernambucano, Serie A1",5,15204425,jOsydn,Sport Recife x Acadêmica Vitória,Sport Recife,Acadêmica Vitória,125391574.0,substitution,regular,86.0,,False,,,,,,,,,,Lucas Leandro,2433723.0,Ewerton,975349.0,2026-04-14T17:35:38.448970Z
2026,"Pernambucano, Serie A1",5,15204425,jOsydn,Sport Recife x Acadêmica Vitória,Sport Recife,Acadêmica Vitória,125391569.0,substitution,regular,75.0,,True,,,,,,,,,,Fillipy do Rozário Teixeira,1883314.0,Gustavo Coutinho,981595.0,2026-04-14T17:35:38.448970Z
2026,"Pernambucano, Serie A1",5,15204425,jOsydn,Sport Recife x Acadêmica Vitória,Sport Recife,Acadêmica Vitória,125391573.0,substitution,regular,73.0,,False,,,,,,,,,,Bruninho,1201282.0,Tomas Dias,1104414.0,2026-04-14T17:35:38.448970Z
2026,"Pernambucano, Serie A1",5,15204425,jOsydn,Sport Recife x Acadêmica Vitória,Sport Recife,Acadêmica Vitória,125391572.0,substitution,regular,73.0,,False,,,,,,,,,,Alan Pires Da Graca,846784.0,Natan,912293.0,2026-04-14T17:35:38.448970Z
2026,"Pernambucano, Serie A1",5,15204425,jOsydn,Sport Recife x Acadêmica Vitória,Sport Recife,Acadêmica Vitória,125391568.0,substitution,regular,68.0,,True,,,,,,,,,,Yago Felipe,552164.0,Zé Gabriel,988852.0,2026-04-14T17:35:38.448970Z
2026,"Pernambucano, Serie A1",5,15204425,jOsydn,Sport Recife x Acadêmica Vitória,Sport Recife,Acadêmica Vitória,125391567.0,substitution,regular,68.0,,True,,,,,,,,,,Marlon,965796.0,Gustavo Maia,1023049.0,2026-04-14T17:35:38.448970Z
2026,"Pernambucano, Serie A1",5,15204425,jOsydn,Sport Recife x Acadêmica Vitória,Sport Recife,Acadêmica Vitória,125391566.0,substitution,regular,68.0,,True,,,,,,,,,,Micael de Barros Viturino,1919858.0,Chrystian Barletta,1035765.0,2026-04-14T17:35:38.448970Z
2026,"Pernambucano, Serie A1",5,15204425,jOsydn,Sport Recife x Acadêmica Vitória,Sport Recife,Acadêmica Vitória,336884052.0,goal,ownGoal,65.0,,True,2.0,0.0,Leo Lima,874343.0,,,,,,,,,,2026-04-14T17:35:38.448970Z
2026,"Pernambucano, Serie A1",5,15204425,jOsydn,Sport Recife x Acadêmica Vitória,Sport Recife,Acadêmica Vitória,125391571.0,substitution,regular,63.0,,False,,,,,,,,,,Francisco Cláudio Gomes da Silva Junior,1655150.0,Gabriel Pires,871007.0,2026-04-14T17:35:38.448970Z
2026,"Pernambucano, Serie A1",5,15204425,jOsydn,Sport Recife x Acadêmica Vitória,Sport Recife,Acadêmica Vitória,125391570.0,substitution,regular,63.0,,False,,,,,,,,,,Pedro Maycon,976175.0,Douglas Nunes,1878599.0,2026-04-14T17:35:38.448970Z
2026,"Pernambucano, Serie A1",5,15204425,jOsydn,Sport Recife x Acadêmica Vitória,Sport Recife,Acadêmica Vitória,124584471.0,card,yellow,60.0,,True,,,,,,,Gustavo Coutinho,981595.0,Foul,,,,,2026-04-14T17:35:38.448970Z
2026,"Pernambucano, Serie A1",5,15204425,jOsydn,Sport Recife x Acadêmica Vitória,Sport Recife,Acadêmica Vitória,124584470.0,card,yellowRed,55.0,,False,,,,,,,Paulo Ricardo,2447754.0,Foul,,,,,2026-04-14T17:35:38.448970Z
2026,"Pernambucano, Serie A1",5,15204425,jOsydn,Sport Recife x Acadêmica Vitória,Sport Recife,Acadêmica Vitória,124584469.0,card,yellow,53.0,,True,,,,,,,Ramon Menezes,839516.0,Foul,,,,,2026-04-14T17:35:38.448970Z
2026,"Pernambucano, Serie A1",5,15204425,jOsydn,Sport Recife x Acadêmica Vitória,Sport Recife,Acadêmica Vitória,336884051.0,goal,regular,49.0,,True,1.0,0.0,Gustavo Coutinho,981595.0,Felipinho,1048276.0,,,,,,,,2026-04-14T17:35:38.448970Z
2026,"Pernambucano, Serie A1",5,15204425,jOsydn,Sport Recife x Acadêmica Vitória,Sport Recife,Acadêmica Vitória,,period,,45.0,999.0,,,,,,,,,,,,,,,2026-04-14T17:35:38.448970Z
2026,"Pernambucano, Serie A1",5,15204425,jOsydn,Sport Recife x Acadêmica Vitória,Sport Recife,Acadêmica Vitória,125391565.0,substitution,regular,45.0,6.0,True,,,,,,,,,,Zé Roberto,842076.0,Max,1105838.0,2026-04-14T17:35:38.448970Z
2026,"Pernambucano, Serie A1",5,15204425,jOsydn,Sport Recife x Acadêmica Vitória,Sport Recife,Acadêmica Vitória,124584468.0,card,yellow,35.0,,False,,,,,,,Paulo Ricardo,2447754.0,,,,,,2026-04-14T17:35:38.448970Z
2026,"Pernambucano, Serie A1",5,15204425,jOsydn,Sport Recife x Acadêmica Vitória,Sport Recife,Acadêmica Vitória,124584467.0,card,yellow,35.0,,True,,,,,,,Gustavo Maia,1023049.0,,,,,,2026-04-14T17:35:38.448970Z
2026,"Pernambucano, Serie A1",6,15204484,jOsXMHd,Maguary x Sport Recife,Maguary,Sport Recife,,period,,90.0,999.0,,,,,,,,,,,,,,,2026-04-14T17:35:38.448970Z
2026,"Pernambucano, Serie A1",6,15204484,jOsXMHd,Maguary x Sport Recife,Maguary,Sport Recife,124602072.0,card,yellow,90.0,,False,,,,,,,Augusto Pucci,2027140.0,Foul,,,,,2026-04-14T17:35:38.448970Z
2026,"Pernambucano, Serie A1",6,15204484,jOsXMHd,Maguary x Sport Recife,Maguary,Sport Recife,337200981.0,goal,penalty,83.0,,False,1.0,1.0,Gustavo Coutinho,981595.0,,,,,,,,,,2026-04-14T17:35:38.448970Z
2026,"Pernambucano, Serie A1",6,15204484,jOsXMHd,Maguary x Sport Recife,Maguary,Sport Recife,125402139.0,substitution,regular,72.0,,True,,,,,,,,,,Gabriel,931563.0,Vinicius Kanu,1476377.0,2026-04-14T17:35:38.448970Z
2026,"Pernambucano, Serie A1",6,15204484,jOsXMHd,Maguary x Sport Recife,Maguary,Sport Recife,125402138.0,substitution,regular,72.0,,True,,,,,,,,,,Mayco Felix,1017234.0,Francisco Filho,1197994.0,2026-04-14T17:35:38.448970Z
2026,"Pernambucano, Serie A1",6,15204484,jOsXMHd,Maguary x Sport Recife,Maguary,Sport Recife,125402137.0,substitution,regular,72.0,,True,,,,,,,,,,Nathan Silva,1929968.0,Julio Cesar,1105322.0,2026-04-14T17:35:38.448970Z
2026,"Pernambucano, Serie A1",6,15204484,jOsXMHd,Maguary x Sport Recife,Maguary,Sport Recife,124602071.0,card,yellow,72.0,,True,,,,,,,Francisco Filho,1197994.0,,,,,,2026-04-14T17:35:38.448970Z
2026,"Pernambucano, Serie A1",6,15204484,jOsXMHd,Maguary x Sport Recife,Maguary,Sport Recife,125402144.0,substitution,regular,68.0,,False,,,,,,,,,,Zé Roberto,842076.0,Yago Felipe,552164.0,2026-04-14T17:35:38.448970Z
2026,"Pernambucano, Serie A1",6,15204484,jOsXMHd,Maguary x Sport Recife,Maguary,Sport Recife,124602069.0,card,yellowRed,66.0,,True,,,,,,,Italo,1048028.0,Argument,,,,,2026-04-14T17:35:38.448970Z
2026,"Pernambucano, Serie A1",6,15204484,jOsXMHd,Maguary x Sport Recife,Maguary,Sport Recife,125402143.0,substitution,regular,59.0,,False,,,,,,,,,,Davi Gabriel,987173.0,Matheus Alexandre,953736.0,2026-04-14T17:35:38.448970Z
2026,"Pernambucano, Serie A1",6,15204484,jOsXMHd,Maguary x Sport Recife,Maguary,Sport Recife,125402142.0,substitution,regular,59.0,,False,,,,,,,,,,Augusto Pucci,2027140.0,Felipinho,1048276.0,2026-04-14T17:35:38.448970Z
2026,"Pernambucano, Serie A1",6,15204484,jOsXMHd,Maguary x Sport Recife,Maguary,Sport Recife,,period,,45.0,999.0,,,,,,,,,,,,,,,2026-04-14T17:35:38.448970Z
2026,"Pernambucano, Serie A1",6,15204484,jOsXMHd,Maguary x Sport Recife,Maguary,Sport Recife,125402141.0,substitution,regular,45.0,4.0,False,,,,,,,,,,Carlos De Pena,311394.0,Zé Gabriel,988852.0,2026-04-14T17:35:38.448970Z
2026,"Pernambucano, Serie A1",6,15204484,jOsXMHd,Maguary x Sport Recife,Maguary,Sport Recife,125402140.0,substitution,regular,45.0,4.0,False,,,,,,,,,,Marlon,965796.0,Pedro Victor Martins,1106488.0,2026-04-14T17:35:38.448970Z
2026,"Pernambucano, Serie A1",6,15204484,jOsXMHd,Maguary x Sport Recife,Maguary,Sport Recife,124602068.0,card,yellow,40.0,,True,,,,,,,Valdicleiton  José da Silva,1609903.0,,,,,,2026-04-14T17:35:38.448970Z
2026,"Pernambucano, Serie A1",6,15204484,jOsXMHd,Maguary x Sport Recife,Maguary,Sport Recife,125402136.0,substitution,regular,19.0,,True,,,,,,,,,,Francisco Filho,1197994.0,Erick Cunha,1047830.0,2026-04-14T17:35:38.448970Z
2026,"Pernambucano, Serie A1",6,15204484,jOsXMHd,Maguary x Sport Recife,Maguary,Sport Recife,125402135.0,substitution,regular,14.0,,True,,,,,,,,,,Iago Felipe Pereira,1638637.0,Memo,329123.0,2026-04-14T17:35:38.448970Z
2026,"Pernambucano, Serie A1",6,15204484,jOsXMHd,Maguary x Sport Recife,Maguary,Sport Recife,124602067.0,card,yellow,3.0,,True,,,,,,,Italo,1048028.0,Foul,,,,,2026-04-14T17:35:38.448970Z
2026,"Pernambucano, Serie A1",6,15204484,jOsXMHd,Maguary x Sport Recife,Maguary,Sport Recife,337200980.0,goal,penalty,1.0,,True,1.0,0.0,Italo,1048028.0,,,,,,,,,,2026-04-14T17:35:38.448970Z
2026,"Pernambucano, Serie A1",7,15204433,jOsBO,Sport Recife x Santa Cruz,Sport Recife,Santa Cruz,,period,,90.0,999.0,,,,,,,,,,,,,,,2026-04-14T17:35:38.448970Z
2026,"Pernambucano, Serie A1",7,15204433,jOsBO,Sport Recife x Santa Cruz,Sport Recife,Santa Cruz,124679169.0,card,yellow,90.0,3.0,True,,,,,,,Micael de Barros Viturino,1919858.0,,,,,,2026-04-14T17:35:38.448970Z
2026,"Pernambucano, Serie A1",7,15204433,jOsBO,Sport Recife x Santa Cruz,Sport Recife,Santa Cruz,338367326.0,goal,regular,90.0,2.0,True,2.0,1.0,Micael de Barros Viturino,1919858.0,Zé Roberto,842076.0,,,,,,,,2026-04-14T17:35:38.448970Z
2026,"Pernambucano, Serie A1",7,15204433,jOsBO,Sport Recife x Santa Cruz,Sport Recife,Santa Cruz,125423957.0,substitution,regular,87.0,,False,,,,,,,,,,Gabriel Galhardo,1105287.0,Wagner Balotelli,1102255.0,2026-04-14T17:35:38.448970Z
2026,"Pernambucano, Serie A1",7,15204433,jOsBO,Sport Recife x Santa Cruz,Sport Recife,Santa Cruz,125423956.0,substitution,regular,87.0,,False,,,,,,,,,,Robinho,870764.0,Israel,986376.0,2026-04-14T17:35:38.448970Z
2026,"Pernambucano, Serie A1",7,15204433,jOsBO,Sport Recife x Santa Cruz,Sport Recife,Santa Cruz,124679168.0,card,yellow,84.0,,False,,,,,,,Wagner Balotelli,1102255.0,Foul,,,,,2026-04-14T17:35:38.448970Z
2026,"Pernambucano, Serie A1",7,15204433,jOsBO,Sport Recife x Santa Cruz,Sport Recife,Santa Cruz,125423955.0,substitution,regular,81.0,,False,,,,,,,,,,Andrey,822513.0,Patrick Allan,870651.0,2026-04-14T17:35:38.448970Z
2026,"Pernambucano, Serie A1",7,15204433,jOsBO,Sport Recife x Santa Cruz,Sport Recife,Santa Cruz,125423963.0,substitution,regular,79.0,,True,,,,,,,,,,Micael de Barros Viturino,1919858.0,Chrystian Barletta,1035765.0,2026-04-14T17:35:38.448970Z
2026,"Pernambucano, Serie A1",7,15204433,jOsBO,Sport Recife x Santa Cruz,Sport Recife,Santa Cruz,125423961.0,substitution,regular,79.0,,True,,,,,,,,,,Max,1105838.0,Gustavo Maia,1023049.0,2026-04-14T17:35:38.448970Z
2026,"Pernambucano, Serie A1",7,15204433,jOsBO,Sport Recife x Santa Cruz,Sport Recife,Santa Cruz,124679167.0,card,yellow,78.0,,True,,,,,,,Zé Roberto,842076.0,Foul,,,,,2026-04-14T17:35:38.448970Z
2026,"Pernambucano, Serie A1",7,15204433,jOsBO,Sport Recife x Santa Cruz,Sport Recife,Santa Cruz,124679166.0,card,yellow,75.0,,False,,,,,,,Rokenedy,1047757.0,,,,,,2026-04-14T17:35:38.448970Z
2026,"Pernambucano, Serie A1",7,15204433,jOsBO,Sport Recife x Santa Cruz,Sport Recife,Santa Cruz,125423954.0,substitution,regular,71.0,,False,,,,,,,,,,Pedro,868018.0,Vitinho,1469518.0,2026-04-14T17:35:38.448970Z
2026,"Pernambucano, Serie A1",7,15204433,jOsBO,Sport Recife x Santa Cruz,Sport Recife,Santa Cruz,125423960.0,substitution,regular,67.0,,True,,,,,,,,,,Pedro Victor Martins,1106488.0,Yago Felipe,552164.0,2026-04-14T17:35:38.448970Z
2026,"Pernambucano, Serie A1",7,15204433,jOsBO,Sport Recife x Santa Cruz,Sport Recife,Santa Cruz,125423959.0,substitution,regular,67.0,,True,,,,,,,,,,Zé Roberto,842076.0,Gustavo Coutinho,981595.0,2026-04-14T17:35:38.448970Z
2026,"Pernambucano, Serie A1",7,15204433,jOsBO,Sport Recife x Santa Cruz,Sport Recife,Santa Cruz,124679165.0,card,yellow,61.0,,False,,,,,,,Diego Quirino,1086464.0,Foul,,,,,2026-04-14T17:35:38.448970Z
2026,"Pernambucano, Serie A1",7,15204433,jOsBO,Sport Recife x Santa Cruz,Sport Recife,Santa Cruz,125423953.0,substitution,regular,46.0,,False,,,,,,,,,,Ianson,870789.0,Eurico Lima,551762.0,2026-04-14T17:35:38.448970Z
2026,"Pernambucano, Serie A1",7,15204433,jOsBO,Sport Recife x Santa Cruz,Sport Recife,Santa Cruz,,period,,45.0,999.0,,,,,,,,,,,,,,,2026-04-14T17:35:38.448970Z
2026,"Pernambucano, Serie A1",7,15204433,jOsBO,Sport Recife x Santa Cruz,Sport Recife,Santa Cruz,125423958.0,substitution,regular,45.0,12.0,True,,,,,,,,,,Carlos De Pena,311394.0,Marlon,965796.0,2026-04-14T17:35:38.448970Z
2026,"Pernambucano, Serie A1",7,15204433,jOsBO,Sport Recife x Santa Cruz,Sport Recife,Santa Cruz,124679164.0,card,yellow,45.0,10.0,True,,,,,,,Zé Gabriel,988852.0,Foul,,,,,2026-04-14T17:35:38.448970Z
2026,"Pernambucano, Serie A1",7,15204433,jOsBO,Sport Recife x Santa Cruz,Sport Recife,Santa Cruz,338367325.0,goal,regular,39.0,,False,1.0,1.0,Eurico Lima,551762.0,,,,,,,,,,2026-04-14T17:35:38.448970Z
2026,"Pernambucano, Serie A1",7,15204433,jOsBO,Sport Recife x Santa Cruz,Sport Recife,Santa Cruz,124679163.0,card,yellow,38.0,,True,,,,,,,Yago Felipe,552164.0,Argument,,,,,2026-04-14T17:35:38.448970Z
2026,"Pernambucano, Serie A1",7,15204433,jOsBO,Sport Recife x Santa Cruz,Sport Recife,Santa Cruz,338367324.0,goal,penalty,36.0,,True,1.0,0.0,Gustavo Coutinho,981595.0,,,,,,,,,,2026-04-14T17:35:38.448970Z
2026,"Pernambucano, Serie A1, Playoffs",28,15517019,jOsOWEc,Retrô x Sport Recife,Retrô,Sport Recife,,period,,90.0,999.0,,,,,,,,,,,,,,,2026-04-14T17:35:38.448970Z
2026,"Pernambucano, Serie A1, Playoffs",28,15517019,jOsOWEc,Retrô x Sport Recife,Retrô,Sport Recife,124661182.0,card,yellow,88.0,,False,,,,,,,Ramon Menezes,839516.0,Foul,,,,,2026-04-14T17:35:38.448970Z
2026,"Pernambucano, Serie A1, Playoffs",28,15517019,jOsOWEc,Retrô x Sport Recife,Retrô,Sport Recife,125502964.0,substitution,regular,82.0,,False,,,,,,,,,,Marcelo Ajul,1634992.0,Marcelo Benevenuto,841808.0,2026-04-14T17:35:38.448970Z
2026,"Pernambucano, Serie A1, Playoffs",28,15517019,jOsOWEc,Retrô x Sport Recife,Retrô,Sport Recife,125502959.0,substitution,regular,80.0,,True,,,,,,,,,,Gustavo Oliveira,1829644.0,Iury,1173449.0,2026-04-14T17:35:38.448970Z
2026,"Pernambucano, Serie A1, Playoffs",28,15517019,jOsOWEc,Retrô x Sport Recife,Retrô,Sport Recife,124661181.0,card,yellow,77.0,,False,,,,,,,Yago Felipe,552164.0,Foul,,,,,2026-04-14T17:35:38.448970Z
2026,"Pernambucano, Serie A1, Playoffs",28,15517019,jOsOWEc,Retrô x Sport Recife,Retrô,Sport Recife,125502963.0,substitution,regular,74.0,,False,,,,,,,,,,Max,1105838.0,Chrystian Barletta,1035765.0,2026-04-14T17:35:38.448970Z
2026,"Pernambucano, Serie A1, Playoffs",28,15517019,jOsOWEc,Retrô x Sport Recife,Retrô,Sport Recife,125502962.0,substitution,regular,74.0,,False,,,,,,,,,,Clayson,811308.0,Gustavo Maia,1023049.0,2026-04-14T17:35:38.448970Z
2026,"Pernambucano, Serie A1, Playoffs",28,15517019,jOsOWEc,Retrô x Sport Recife,Retrô,Sport Recife,125502958.0,substitution,regular,73.0,,True,,,,,,,,,,Willian Lira Sousa,941008.0,Vágner Love,13313.0,2026-04-14T17:35:38.448970Z
2026,"Pernambucano, Serie A1, Playoffs",28,15517019,jOsOWEc,Retrô x Sport Recife,Retrô,Sport Recife,124661180.0,card,yellow,72.0,,False,,,,,,,Zé Roberto,842076.0,,,,,,2026-04-14T17:35:38.448970Z
2026,"Pernambucano, Serie A1, Playoffs",28,15517019,jOsOWEc,Retrô x Sport Recife,Retrô,Sport Recife,124661179.0,card,yellow,68.0,,True,,,,,,,Júnior Fialho,1067454.0,Foul,,,,,2026-04-14T17:35:38.448970Z
2026,"Pernambucano, Serie A1, Playoffs",28,15517019,jOsOWEc,Retrô x Sport Recife,Retrô,Sport Recife,125502961.0,substitution,regular,62.0,,False,,,,,,,,,,Carlos De Pena,311394.0,Gustavo Coutinho,981595.0,2026-04-14T17:35:38.448970Z
2026,"Pernambucano, Serie A1, Playoffs",28,15517019,jOsOWEc,Retrô x Sport Recife,Retrô,Sport Recife,125502960.0,substitution,regular,62.0,,False,,,,,,,,,,Zé Roberto,842076.0,Pedro Victor Martins,1106488.0,2026-04-14T17:35:38.448970Z
2026,"Pernambucano, Serie A1, Playoffs",28,15517019,jOsOWEc,Retrô x Sport Recife,Retrô,Sport Recife,125502957.0,substitution,regular,62.0,,True,,,,,,,,,,Murilo,1589222.0,Kadi,2138112.0,2026-04-14T17:35:38.448970Z
2026,"Pernambucano, Serie A1, Playoffs",28,15517019,jOsOWEc,Retrô x Sport Recife,Retrô,Sport Recife,125502956.0,substitution,regular,62.0,,True,,,,,,,,,,Júnior Fialho,1067454.0,Diego Matos Guerra,1462971.0,2026-04-14T17:35:38.448970Z
2026,"Pernambucano, Serie A1, Playoffs",28,15517019,jOsOWEc,Retrô x Sport Recife,Retrô,Sport Recife,124661178.0,card,yellow,59.0,,True,,,,,,,Rayan Ribeiro,1047746.0,,,,,,2026-04-14T17:35:38.448970Z
2026,"Pernambucano, Serie A1, Playoffs",28,15517019,jOsOWEc,Retrô x Sport Recife,Retrô,Sport Recife,124661177.0,card,yellow,58.0,,False,,,,,,,Augusto Pucci,2027140.0,Foul,,,,,2026-04-14T17:35:38.448970Z
2026,"Pernambucano, Serie A1, Playoffs",28,15517019,jOsOWEc,Retrô x Sport Recife,Retrô,Sport Recife,338299368.0,goal,regular,53.0,,False,0.0,1.0,Gustavo Maia,1023049.0,Chrystian Barletta,1035765.0,,,,,,,,2026-04-14T17:35:38.448970Z
2026,"Pernambucano, Serie A1, Playoffs",28,15517019,jOsOWEc,Retrô x Sport Recife,Retrô,Sport Recife,125502955.0,substitution,regular,46.0,,True,,,,,,,,,,Ericson Araújo da Costa Filho,1589211.0,Douglas,1514519.0,2026-04-14T17:35:38.448970Z
2026,"Pernambucano, Serie A1, Playoffs",28,15517019,jOsOWEc,Retrô x Sport Recife,Retrô,Sport Recife,,period,,45.0,999.0,,,,,,,,,,,,,,,2026-04-14T17:35:38.448970Z
2026,"Pernambucano, Serie A1, Playoffs",28,15517019,jOsOWEc,Retrô x Sport Recife,Retrô,Sport Recife,124661176.0,card,yellow,19.0,,False,,,,,,,Pedro Victor Martins,1106488.0,Foul,,,,,2026-04-14T17:35:38.448970Z
2026,"Pernambucano, Serie A1, Playoffs",28,15518619,jOsOWEc,Sport Recife x Retrô,Sport Recife,Retrô,,period,,90.0,999.0,,,,,,,,,,,,,,,2026-04-14T17:35:38.448970Z
2026,"Pernambucano, Serie A1, Playoffs",28,15518619,jOsOWEc,Sport Recife x Retrô,Sport Recife,Retrô,338919925.0,goal,regular,87.0,,True,3.0,2.0,Max,1105838.0,Zé Roberto,842076.0,,,,,,,,2026-04-14T17:35:38.448970Z
2026,"Pernambucano, Serie A1, Playoffs",28,15518619,jOsOWEc,Sport Recife x Retrô,Sport Recife,Retrô,124707442.0,card,yellowRed,85.0,,True,,,,,,,Rafinha,1844212.0,Foul,,,,,2026-04-14T17:35:38.448970Z
2026,"Pernambucano, Serie A1, Playoffs",28,15518619,jOsOWEc,Sport Recife x Retrô,Sport Recife,Retrô,125579307.0,substitution,regular,78.0,,False,,,,,,,,,,Lucas Sampaio,868004.0,Luiz Henrique,883911.0,2026-04-14T17:35:38.448970Z
2026,"Pernambucano, Serie A1, Playoffs",28,15518619,jOsOWEc,Sport Recife x Retrô,Sport Recife,Retrô,125579306.0,substitution,regular,78.0,,False,,,,,,,,,,Iury,1173449.0,Gustavo Oliveira,1829644.0,2026-04-14T17:35:38.448970Z
2026,"Pernambucano, Serie A1, Playoffs",28,15518619,jOsOWEc,Sport Recife x Retrô,Sport Recife,Retrô,125579305.0,substitution,regular,78.0,,False,,,,,,,,,,Ericson Araújo da Costa Filho,1589211.0,Luiz Henrique,1017715.0,2026-04-14T17:35:38.448970Z
2026,"Pernambucano, Serie A1, Playoffs",28,15518619,jOsOWEc,Sport Recife x Retrô,Sport Recife,Retrô,124707440.0,card,yellow,75.0,,True,,,,,,,Marlon,965796.0,Foul,,,,,2026-04-14T17:35:38.448970Z
2026,"Pernambucano, Serie A1, Playoffs",28,15518619,jOsOWEc,Sport Recife x Retrô,Sport Recife,Retrô,338919924.0,goal,regular,73.0,,True,2.0,2.0,Marcelo Benevenuto,841808.0,Augusto Pucci,2027140.0,,,,,,,,2026-04-14T17:35:38.448970Z
2026,"Pernambucano, Serie A1, Playoffs",28,15518619,jOsOWEc,Sport Recife x Retrô,Sport Recife,Retrô,125579304.0,substitution,regular,69.0,,False,,,,,,,,,,Kadi,2138112.0,Murilo,1589222.0,2026-04-14T17:35:38.448970Z
2026,"Pernambucano, Serie A1, Playoffs",28,15518619,jOsOWEc,Sport Recife x Retrô,Sport Recife,Retrô,125579312.0,substitution,regular,65.0,,True,,,,,,,,,,Marlon,965796.0,Carlos De Pena,311394.0,2026-04-14T17:35:38.448970Z
2026,"Pernambucano, Serie A1, Playoffs",28,15518619,jOsOWEc,Sport Recife x Retrô,Sport Recife,Retrô,125579311.0,substitution,regular,65.0,,True,,,,,,,,,,Max,1105838.0,Iury Castilho,795020.0,2026-04-14T17:35:38.448970Z
2026,"Pernambucano, Serie A1, Playoffs",28,15518619,jOsOWEc,Sport Recife x Retrô,Sport Recife,Retrô,125579303.0,substitution,regular,62.0,,False,,,,,,,,,,Douglas,1514519.0,Diego Matos Guerra,1462971.0,2026-04-14T17:35:38.448970Z
2026,"Pernambucano, Serie A1, Playoffs",28,15518619,jOsOWEc,Sport Recife x Retrô,Sport Recife,Retrô,124707437.0,card,yellow,56.0,,True,,,,,,,Rafinha,1844212.0,Foul,,,,,2026-04-14T17:35:38.448970Z
2026,"Pernambucano, Serie A1, Playoffs",28,15518619,jOsOWEc,Sport Recife x Retrô,Sport Recife,Retrô,125579310.0,substitution,regular,46.0,,True,,,,,,,,,,Rafinha,1844212.0,Davi Gabriel,987173.0,2026-04-14T17:35:38.448970Z
2026,"Pernambucano, Serie A1, Playoffs",28,15518619,jOsOWEc,Sport Recife x Retrô,Sport Recife,Retrô,125579309.0,substitution,regular,46.0,,True,,,,,,,,,,Pedro Victor Martins,1106488.0,Yago Felipe,552164.0,2026-04-14T17:35:38.448970Z
2026,"Pernambucano, Serie A1, Playoffs",28,15518619,jOsOWEc,Sport Recife x Retrô,Sport Recife,Retrô,125579308.0,substitution,regular,46.0,,True,,,,,,,,,,Zé Roberto,842076.0,Gustavo Coutinho,981595.0,2026-04-14T17:35:38.448970Z
2026,"Pernambucano, Serie A1, Playoffs",28,15518619,jOsOWEc,Sport Recife x Retrô,Sport Recife,Retrô,,period,,45.0,999.0,,,,,,,,,,,,,,,2026-04-14T17:35:38.448970Z
2026,"Pernambucano, Serie A1, Playoffs",28,15518619,jOsOWEc,Sport Recife x Retrô,Sport Recife,Retrô,124707436.0,card,yellow,45.0,5.0,False,,,,,,,Dankler,349536.0,Foul,,,,,2026-04-14T17:35:38.448970Z
2026,"Pernambucano, Serie A1, Playoffs",28,15518619,jOsOWEc,Sport Recife x Retrô,Sport Recife,Retrô,124707434.0,card,yellow,42.0,,True,,,,,,,Davi Gabriel,987173.0,Foul,,,,,2026-04-14T17:35:38.448970Z
2026,"Pernambucano, Serie A1, Playoffs",28,15518619,jOsOWEc,Sport Recife x Retrô,Sport Recife,Retrô,338919922.0,goal,regular,26.0,,False,1.0,2.0,Luiz Henrique,1017715.0,,,,,,,,,,2026-04-14T17:35:38.448970Z
2026,"Pernambucano, Serie A1, Playoffs",28,15518619,jOsOWEc,Sport Recife x Retrô,Sport Recife,Retrô,338919921.0,goal,regular,18.0,,False,1.0,1.0,Diego Matos Guerra,1462971.0,,,,,,,,,,2026-04-14T17:35:38.448970Z
2026,"Pernambucano, Serie A1, Playoffs",28,15518619,jOsOWEc,Sport Recife x Retrô,Sport Recife,Retrô,338919920.0,goal,regular,8.0,,True,1.0,0.0,Ramon Menezes,839516.0,Carlos De Pena,311394.0,,,,,,,,2026-04-14T17:35:38.448970Z
2026,"Pernambucano, Serie A1, Playoffs",28,15518619,jOsOWEc,Sport Recife x Retrô,Sport Recife,Retrô,124707433.0,card,yellow,6.0,,False,,,,,,,Luiz Henrique,883911.0,Foul,,,,,2026-04-14T17:35:38.448970Z
2026,"Pernambucano, Serie A1, Playoffs",29,15601729,jOslP,Sport Recife x Náutico,Sport Recife,Náutico,,period,,90.0,999.0,,,,,,,,,,,,,,,2026-04-14T17:35:38.448970Z
2026,"Pernambucano, Serie A1, Playoffs",29,15601729,jOslP,Sport Recife x Náutico,Sport Recife,Náutico,339605833.0,goal,regular,90.0,6.0,False,3.0,3.0,Wanderson,871476.0,Oluwasegun Samuel Otusanya,1486805.0,,,,,,,,2026-04-14T17:35:38.448970Z
2026,"Pernambucano, Serie A1, Playoffs",29,15601729,jOslP,Sport Recife x Náutico,Sport Recife,Náutico,124755425.0,card,yellow,90.0,5.0,True,,,,,,,Ramon Menezes,839516.0,,,,,,2026-04-14T17:35:38.448970Z
2026,"Pernambucano, Serie A1, Playoffs",29,15601729,jOslP,Sport Recife x Náutico,Sport Recife,Náutico,124755422.0,card,yellow,90.0,5.0,False,,,,,,,Luiz Felipe,1111235.0,,,,,,2026-04-14T17:35:38.448970Z
2026,"Pernambucano, Serie A1, Playoffs",29,15601729,jOslP,Sport Recife x Náutico,Sport Recife,Náutico,339605832.0,goal,regular,90.0,1.0,True,3.0,2.0,Yago Felipe,552164.0,,,,,,,,,,2026-04-14T17:35:38.448970Z
2026,"Pernambucano, Serie A1, Playoffs",29,15601729,jOslP,Sport Recife x Náutico,Sport Recife,Náutico,124755420.0,card,yellow,81.0,,True,,,,,,,Marcelo Benevenuto,841808.0,Foul,,,,,2026-04-14T17:35:38.448970Z
2026,"Pernambucano, Serie A1, Playoffs",29,15601729,jOslP,Sport Recife x Náutico,Sport Recife,Náutico,124755418.0,card,yellow,80.0,,False,,,,,,,Ramon,958169.0,Foul,,,,,2026-04-14T17:35:38.448970Z
2026,"Pernambucano, Serie A1, Playoffs",29,15601729,jOslP,Sport Recife x Náutico,Sport Recife,Náutico,125631706.0,substitution,regular,79.0,,True,,,,,,,,,,Gustavo Coutinho,981595.0,Iury Castilho,795020.0,2026-04-14T17:35:38.448970Z
2026,"Pernambucano, Serie A1, Playoffs",29,15601729,jOslP,Sport Recife x Náutico,Sport Recife,Náutico,125631701.0,substitution,regular,76.0,,False,,,,,,,,,,Juninho,576004.0,Todinho,880215.0,2026-04-14T17:35:38.448970Z
2026,"Pernambucano, Serie A1, Playoffs",29,15601729,jOslP,Sport Recife x Náutico,Sport Recife,Náutico,125631700.0,substitution,regular,76.0,,False,,,,,,,,,,Ramon,958169.0,Dodô,1018871.0,2026-04-14T17:35:38.448970Z
2026,"Pernambucano, Serie A1, Playoffs",29,15601729,jOslP,Sport Recife x Náutico,Sport Recife,Náutico,125631705.0,substitution,regular,74.0,,True,,,,,,,,,,Yago Felipe,552164.0,Chrystian Barletta,1035765.0,2026-04-14T17:35:38.448970Z
2026,"Pernambucano, Serie A1, Playoffs",29,15601729,jOslP,Sport Recife x Náutico,Sport Recife,Náutico,125631704.0,substitution,regular,69.0,,True,,,,,,,,,,Zé Lucas,2040561.0,Pedro Victor Martins,1106488.0,2026-04-14T17:35:38.448970Z
2026,"Pernambucano, Serie A1, Playoffs",29,15601729,jOslP,Sport Recife x Náutico,Sport Recife,Náutico,125631703.0,substitution,regular,69.0,,True,,,,,,,,,,Gustavo Maia,1023049.0,Zé Roberto,842076.0,2026-04-14T17:35:38.448970Z
2026,"Pernambucano, Serie A1, Playoffs",29,15601729,jOslP,Sport Recife x Náutico,Sport Recife,Náutico,125631702.0,substitution,regular,69.0,,True,,,,,,,,,,Max,1105838.0,Marlon,965796.0,2026-04-14T17:35:38.448970Z
2026,"Pernambucano, Serie A1, Playoffs",29,15601729,jOslP,Sport Recife x Náutico,Sport Recife,Náutico,339605830.0,goal,regular,65.0,,True,2.0,2.0,Iury Castilho,795020.0,Chrystian Barletta,1035765.0,,,,,,,,2026-04-14T17:35:38.448970Z
2026,"Pernambucano, Serie A1, Playoffs",29,15601729,jOslP,Sport Recife x Náutico,Sport Recife,Náutico,125631699.0,substitution,regular,64.0,,False,,,,,,,,,,Luiz Felipe,1111235.0,Wenderson,958676.0,2026-04-14T17:35:38.448970Z
2026,"Pernambucano, Serie A1, Playoffs",29,15601729,jOslP,Sport Recife x Náutico,Sport Recife,Náutico,125631698.0,substitution,regular,58.0,,False,,,,,,,,,,Reginaldo,555456.0,Paulo Sérgio,34168.0,2026-04-14T17:35:38.448970Z
2026,"Pernambucano, Serie A1, Playoffs",29,15601729,jOslP,Sport Recife x Náutico,Sport Recife,Náutico,125631697.0,substitution,regular,58.0,,False,,,,,,,,,,Oluwasegun Samuel Otusanya,1486805.0,Arnaldo,801074.0,2026-04-14T17:35:38.448970Z
2026,"Pernambucano, Serie A1, Playoffs",29,15601729,jOslP,Sport Recife x Náutico,Sport Recife,Náutico,339605829.0,goal,ownGoal,54.0,,False,1.0,2.0,Marcelo Benevenuto,841808.0,,,,,,,,,,2026-04-14T17:35:38.448970Z
2026,"Pernambucano, Serie A1, Playoffs",29,15601729,jOslP,Sport Recife x Náutico,Sport Recife,Náutico,,period,,45.0,999.0,,,,,,,,,,,,,,,2026-04-14T17:35:38.448970Z
2026,"Pernambucano, Serie A1, Playoffs",29,15601729,jOslP,Sport Recife x Náutico,Sport Recife,Náutico,339605828.0,goal,regular,45.0,3.0,True,1.0,1.0,Iury Castilho,795020.0,,,,,,,,,,2026-04-14T17:35:38.448970Z
2026,"Pernambucano, Serie A1, Playoffs",29,15601729,jOslP,Sport Recife x Náutico,Sport Recife,Náutico,124755417.0,card,yellow,23.0,,False,,,,,,,Paulo Sérgio,34168.0,,,,,,2026-04-14T17:35:38.448970Z
2026,"Pernambucano, Serie A1, Playoffs",29,15601729,jOslP,Sport Recife x Náutico,Sport Recife,Náutico,339605823.0,goal,penalty,22.0,,False,0.0,1.0,Paulo Sérgio,34168.0,,,,,,,,,,2026-04-14T17:35:38.448970Z
2026,"Pernambucano, Serie A1, Playoffs",29,15601729,jOslP,Sport Recife x Náutico,Sport Recife,Náutico,124755416.0,card,yellow,20.0,,True,,,,,,,Iury Castilho,795020.0,Foul,,,,,2026-04-14T17:35:38.448970Z
2026,Copa Betano do Brasil,2,15566116,jOslFn,Desportiva Ferroviária x Sport Recife,Desportiva Ferroviária,Sport Recife,,period,,999.0,999.0,,,,,,,,,,,,,,,2026-04-14T17:35:38.448970Z
2026,Copa Betano do Brasil,2,15566116,jOslFn,Desportiva Ferroviária x Sport Recife,Desportiva Ferroviária,Sport Recife,118612427.0,penaltyShootout,scored,,,False,,,,,,,,,,,,,,2026-04-14T17:35:38.448970Z
2026,Copa Betano do Brasil,2,15566116,jOslFn,Desportiva Ferroviária x Sport Recife,Desportiva Ferroviária,Sport Recife,118612425.0,penaltyShootout,scored,,,True,,,,,,,,,,,,,,2026-04-14T17:35:38.448970Z
2026,Copa Betano do Brasil,2,15566116,jOslFn,Desportiva Ferroviária x Sport Recife,Desportiva Ferroviária,Sport Recife,118612424.0,penaltyShootout,scored,,,False,,,,,,,,,,,,,,2026-04-14T17:35:38.448970Z
2026,Copa Betano do Brasil,2,15566116,jOslFn,Desportiva Ferroviária x Sport Recife,Desportiva Ferroviária,Sport Recife,118612423.0,penaltyShootout,missed,,,True,,,,,,,,,,,,,,2026-04-14T17:35:38.448970Z
2026,Copa Betano do Brasil,2,15566116,jOslFn,Desportiva Ferroviária x Sport Recife,Desportiva Ferroviária,Sport Recife,118612422.0,penaltyShootout,scored,,,False,,,,,,,,,,,,,,2026-04-14T17:35:38.448970Z
2026,Copa Betano do Brasil,2,15566116,jOslFn,Desportiva Ferroviária x Sport Recife,Desportiva Ferroviária,Sport Recife,118612421.0,penaltyShootout,scored,,,True,,,,,,,,,,,,,,2026-04-14T17:35:38.448970Z
2026,Copa Betano do Brasil,2,15566116,jOslFn,Desportiva Ferroviária x Sport Recife,Desportiva Ferroviária,Sport Recife,118612420.0,penaltyShootout,scored,,,False,,,,,,,,,,,,,,2026-04-14T17:35:38.448970Z
2026,Copa Betano do Brasil,2,15566116,jOslFn,Desportiva Ferroviária x Sport Recife,Desportiva Ferroviária,Sport Recife,118612419.0,penaltyShootout,scored,,,True,,,,,,,,,,,,,,2026-04-14T17:35:38.448970Z
2026,Copa Betano do Brasil,2,15566116,jOslFn,Desportiva Ferroviária x Sport Recife,Desportiva Ferroviária,Sport Recife,118612418.0,penaltyShootout,missed,,,False,,,,,,,,,,,,,,2026-04-14T17:35:38.448970Z
2026,Copa Betano do Brasil,2,15566116,jOslFn,Desportiva Ferroviária x Sport Recife,Desportiva Ferroviária,Sport Recife,118612416.0,penaltyShootout,missed,,,True,,,,,,,,,,,,,,2026-04-14T17:35:38.448970Z
2026,Copa Betano do Brasil,2,15566116,jOslFn,Desportiva Ferroviária x Sport Recife,Desportiva Ferroviária,Sport Recife,,period,,90.0,999.0,,,,,,,,,,,,,,,2026-04-14T17:35:38.448970Z
2026,Copa Betano do Brasil,2,15566116,jOslFn,Desportiva Ferroviária x Sport Recife,Desportiva Ferroviária,Sport Recife,124779075.0,card,yellow,90.0,2.0,True,,,,,,,Pedro Zanette,2455644.0,,,,,,2026-04-14T17:35:38.448970Z
2026,Copa Betano do Brasil,2,15566116,jOslFn,Desportiva Ferroviária x Sport Recife,Desportiva Ferroviária,Sport Recife,124779065.0,card,yellow,90.0,2.0,True,,,,,,,Bahia,1017609.0,,,,,,2026-04-14T17:35:38.448970Z
2026,Copa Betano do Brasil,2,15566116,jOslFn,Desportiva Ferroviária x Sport Recife,Desportiva Ferroviária,Sport Recife,125672399.0,substitution,regular,86.0,,False,,,,,,,,,,Clayson,811308.0,Gustavo Maia,1023049.0,2026-04-14T17:35:38.448970Z
2026,Copa Betano do Brasil,2,15566116,jOslFn,Desportiva Ferroviária x Sport Recife,Desportiva Ferroviária,Sport Recife,125672400.0,substitution,regular,85.0,,True,,,,,,,,,,Janelson,1046807.0,Wesley Dias,1109230.0,2026-04-14T17:35:38.448970Z
2026,Copa Betano do Brasil,2,15566116,jOslFn,Desportiva Ferroviária x Sport Recife,Desportiva Ferroviária,Sport Recife,125672398.0,substitution,regular,85.0,,True,,,,,,,,,,Kaiki Costela,2455542.0,Ruan,2455649.0,2026-04-14T17:35:38.448970Z
2026,Copa Betano do Brasil,2,15566116,jOslFn,Desportiva Ferroviária x Sport Recife,Desportiva Ferroviária,Sport Recife,124779059.0,card,yellow,85.0,,True,,,,,,,Tiago Moura,1170578.0,,,,,,2026-04-14T17:35:38.448970Z
2026,Copa Betano do Brasil,2,15566116,jOslFn,Desportiva Ferroviária x Sport Recife,Desportiva Ferroviária,Sport Recife,125672373.0,substitution,regular,76.0,,True,,,,,,,,,,Jhonatan Marino,1491467.0,Mariano,2265590.0,2026-04-14T17:35:38.448970Z
2026,Copa Betano do Brasil,2,15566116,jOslFn,Desportiva Ferroviária x Sport Recife,Desportiva Ferroviária,Sport Recife,125672369.0,substitution,regular,76.0,,True,,,,,,,,,,Kaka Calavort,2436816.0,William Simões,870855.0,2026-04-14T17:35:38.448970Z
2026,Copa Betano do Brasil,2,15566116,jOslFn,Desportiva Ferroviária x Sport Recife,Desportiva Ferroviária,Sport Recife,125672340.0,substitution,regular,69.0,,True,,,,,,,,,,Guilherme Teixeira Santos,1938915.0,Kieza,76489.0,2026-04-14T17:35:38.448970Z
2026,Copa Betano do Brasil,2,15566116,jOslFn,Desportiva Ferroviária x Sport Recife,Desportiva Ferroviária,Sport Recife,125672339.0,substitution,regular,69.0,,False,,,,,,,,,,Zé Roberto,842076.0,Gustavo Coutinho,981595.0,2026-04-14T17:35:38.448970Z
2026,Copa Betano do Brasil,2,15566116,jOslFn,Desportiva Ferroviária x Sport Recife,Desportiva Ferroviária,Sport Recife,125672338.0,substitution,regular,69.0,,False,,,,,,,,,,Iury Castilho,795020.0,Carlos De Pena,311394.0,2026-04-14T17:35:38.448970Z
2026,Copa Betano do Brasil,2,15566116,jOslFn,Desportiva Ferroviária x Sport Recife,Desportiva Ferroviária,Sport Recife,124779015.0,card,yellow,63.0,,False,,,,,,,Zé Marcos,901700.0,,,,,,2026-04-14T17:35:38.448970Z
2026,Copa Betano do Brasil,2,15566116,jOslFn,Desportiva Ferroviária x Sport Recife,Desportiva Ferroviária,Sport Recife,125672318.0,substitution,regular,55.0,,False,,,,,,,,,,Felipinho,1048276.0,Davi Gabriel,987173.0,2026-04-14T17:35:38.448970Z
2026,Copa Betano do Brasil,2,15566116,jOslFn,Desportiva Ferroviária x Sport Recife,Desportiva Ferroviária,Sport Recife,125672317.0,substitution,regular,55.0,,False,,,,,,,,,,Chrystian Barletta,1035765.0,Max,1105838.0,2026-04-14T17:35:38.448970Z
2026,Copa Betano do Brasil,2,15566116,jOslFn,Desportiva Ferroviária x Sport Recife,Desportiva Ferroviária,Sport Recife,,period,,45.0,999.0,,,,,,,,,,,,,,,2026-04-14T17:35:38.448970Z
2026,Copa Betano do Brasil,2,15566116,jOslFn,Desportiva Ferroviária x Sport Recife,Desportiva Ferroviária,Sport Recife,124778946.0,card,yellow,20.0,,True,,,,,,,Ruan,2455649.0,,,,,,2026-04-14T17:35:38.448970Z
2026,"Pernambucano, Serie A1, Playoffs",29,15602236,jOslP,Náutico x Sport Recife,Náutico,Sport Recife,,period,,90.0,999.0,,,,,,,,,,,,,,,2026-04-14T17:35:38.448970Z
2026,"Pernambucano, Serie A1, Playoffs",29,15602236,jOslP,Náutico x Sport Recife,Náutico,Sport Recife,340421974.0,goal,penalty,90.0,9.0,False,0.0,3.0,Iury Castilho,795020.0,,,,,,,,,,2026-04-14T17:35:38.448970Z
2026,"Pernambucano, Serie A1, Playoffs",29,15602236,jOslP,Náutico x Sport Recife,Náutico,Sport Recife,124800243.0,card,yellow,86.0,,True,,,,,,,Luiz Felipe,1111235.0,Foul,,,,,2026-04-14T17:35:38.448970Z
2026,"Pernambucano, Serie A1, Playoffs",29,15602236,jOslP,Náutico x Sport Recife,Náutico,Sport Recife,125699636.0,substitution,regular,85.0,,True,,,,,,,,,,Marcos Gleidson dos Santos Rosa,2439260.0,Felipe Saraiva,882076.0,2026-04-14T17:35:38.448970Z
2026,"Pernambucano, Serie A1, Playoffs",29,15602236,jOslP,Náutico x Sport Recife,Náutico,Sport Recife,124800242.0,card,yellow,82.0,,False,,,,,,,Zé Lucas,2040561.0,Argument,,,,,2026-04-14T17:35:38.448970Z
2026,"Pernambucano, Serie A1, Playoffs",29,15602236,jOslP,Náutico x Sport Recife,Náutico,Sport Recife,125699641.0,substitution,regular,81.0,,False,,,,,,,,,,Max,1105838.0,Chrystian Barletta,1035765.0,2026-04-14T17:35:38.448970Z
2026,"Pernambucano, Serie A1, Playoffs",29,15602236,jOslP,Náutico x Sport Recife,Náutico,Sport Recife,125699635.0,substitution,regular,70.0,,True,,,,,,,,,,Juninho,576004.0,Wenderson,958676.0,2026-04-14T17:35:38.448970Z
2026,"Pernambucano, Serie A1, Playoffs",29,15602236,jOslP,Náutico x Sport Recife,Náutico,Sport Recife,124800241.0,card,yellow,70.0,,True,,,,,,,Yuri,857733.0,Argument,,,,,2026-04-14T17:35:38.448970Z
2026,"Pernambucano, Serie A1, Playoffs",29,15602236,jOslP,Náutico x Sport Recife,Náutico,Sport Recife,125699640.0,substitution,regular,69.0,,False,,,,,,,,,,Clayson,811308.0,Gustavo Maia,1023049.0,2026-04-14T17:35:38.448970Z
2026,"Pernambucano, Serie A1, Playoffs",29,15602236,jOslP,Náutico x Sport Recife,Náutico,Sport Recife,125699639.0,substitution,regular,69.0,,False,,,,,,,,,,Carlos De Pena,311394.0,Pedro Victor Martins,1106488.0,2026-04-14T17:35:38.448970Z
2026,"Pernambucano, Serie A1, Playoffs",29,15602236,jOslP,Náutico x Sport Recife,Náutico,Sport Recife,124800240.0,card,yellow,68.0,,False,,,,,,,Pedro Victor Martins,1106488.0,,,,,,2026-04-14T17:35:38.448970Z
2026,"Pernambucano, Serie A1, Playoffs",29,15602236,jOslP,Náutico x Sport Recife,Náutico,Sport Recife,125699638.0,substitution,regular,55.0,,False,,,,,,,,,,Marlon,965796.0,Yago Felipe,552164.0,2026-04-14T17:35:38.448970Z
2026,"Pernambucano, Serie A1, Playoffs",29,15602236,jOslP,Náutico x Sport Recife,Náutico,Sport Recife,125699634.0,substitution,regular,46.0,,True,,,,,,,,,,Reginaldo,555456.0,Auremir,241482.0,2026-04-14T17:35:38.448970Z
2026,"Pernambucano, Serie A1, Playoffs",29,15602236,jOslP,Náutico x Sport Recife,Náutico,Sport Recife,125699633.0,substitution,regular,46.0,,True,,,,,,,,,,Luiz Felipe,1111235.0,Arnaldo,801074.0,2026-04-14T17:35:38.448970Z
2026,"Pernambucano, Serie A1, Playoffs",29,15602236,jOslP,Náutico x Sport Recife,Náutico,Sport Recife,125699632.0,substitution,regular,46.0,,True,,,,,,,,,,Felipe Saraiva,882076.0,Todinho,880215.0,2026-04-14T17:35:38.448970Z
2026,"Pernambucano, Serie A1, Playoffs",29,15602236,jOslP,Náutico x Sport Recife,Náutico,Sport Recife,,period,,45.0,999.0,,,,,,,,,,,,,,,2026-04-14T17:35:38.448970Z
2026,"Pernambucano, Serie A1, Playoffs",29,15602236,jOslP,Náutico x Sport Recife,Náutico,Sport Recife,125699637.0,substitution,regular,45.0,5.0,False,,,,,,,,,,Pedro Victor Martins,1106488.0,Zé Gabriel,988852.0,2026-04-14T17:35:38.448970Z
2026,"Pernambucano, Serie A1, Playoffs",29,15602236,jOslP,Náutico x Sport Recife,Náutico,Sport Recife,340421973.0,goal,regular,43.0,,False,0.0,2.0,Augusto Pucci,2027140.0,Chrystian Barletta,1035765.0,,,,,,,,2026-04-14T17:35:38.448970Z
2026,"Pernambucano, Serie A1, Playoffs",29,15602236,jOslP,Náutico x Sport Recife,Náutico,Sport Recife,124800239.0,card,red,37.0,,True,,,,,,,Dodô,1018871.0,Foul,,,,,2026-04-14T17:35:38.448970Z
2026,"Pernambucano, Serie A1, Playoffs",29,15602236,jOslP,Náutico x Sport Recife,Náutico,Sport Recife,124800238.0,card,yellow,24.0,,True,,,,,,,Arnaldo,801074.0,Foul,,,,,2026-04-14T17:35:38.448970Z
2026,"Pernambucano, Serie A1, Playoffs",29,15602236,jOslP,Náutico x Sport Recife,Náutico,Sport Recife,124800237.0,card,yellow,19.0,,False,,,,,,,Zé Gabriel,988852.0,Foul,,,,,2026-04-14T17:35:38.448970Z
2026,"Pernambucano, Serie A1, Playoffs",29,15602236,jOslP,Náutico x Sport Recife,Náutico,Sport Recife,340421972.0,goal,regular,15.0,,False,0.0,1.0,Iury Castilho,795020.0,Gustavo Maia,1023049.0,,,,,,,,2026-04-14T17:35:38.448970Z
2026,Copa Betano do Brasil,3,15677069,jOsxMi,Sport Recife x Anápolis,Sport Recife,Anápolis,,period,,999.0,999.0,,,,,,,,,,,,,,,2026-04-14T17:35:38.448970Z
2026,Copa Betano do Brasil,3,15677069,jOsxMi,Sport Recife x Anápolis,Sport Recife,Anápolis,118614713.0,penaltyShootout,scored,,,True,,,,,,,,,,,,,,2026-04-14T17:35:38.448970Z
2026,Copa Betano do Brasil,3,15677069,jOsxMi,Sport Recife x Anápolis,Sport Recife,Anápolis,118614710.0,penaltyShootout,scored,,,False,,,,,,,,,,,,,,2026-04-14T17:35:38.448970Z
2026,Copa Betano do Brasil,3,15677069,jOsxMi,Sport Recife x Anápolis,Sport Recife,Anápolis,118614709.0,penaltyShootout,scored,,,True,,,,,,,,,,,,,,2026-04-14T17:35:38.448970Z
2026,Copa Betano do Brasil,3,15677069,jOsxMi,Sport Recife x Anápolis,Sport Recife,Anápolis,118614708.0,penaltyShootout,scored,,,False,,,,,,,,,,,,,,2026-04-14T17:35:38.448970Z
2026,Copa Betano do Brasil,3,15677069,jOsxMi,Sport Recife x Anápolis,Sport Recife,Anápolis,118614701.0,penaltyShootout,scored,,,True,,,,,,,,,,,,,,2026-04-14T17:35:38.448970Z
2026,Copa Betano do Brasil,3,15677069,jOsxMi,Sport Recife x Anápolis,Sport Recife,Anápolis,118614700.0,penaltyShootout,missed,,,False,,,,,,,,,,,,,,2026-04-14T17:35:38.448970Z
2026,Copa Betano do Brasil,3,15677069,jOsxMi,Sport Recife x Anápolis,Sport Recife,Anápolis,118614699.0,penaltyShootout,scored,,,True,,,,,,,,,,,,,,2026-04-14T17:35:38.448970Z
2026,Copa Betano do Brasil,3,15677069,jOsxMi,Sport Recife x Anápolis,Sport Recife,Anápolis,118614698.0,penaltyShootout,scored,,,False,,,,,,,,,,,,,,2026-04-14T17:35:38.448970Z
2026,Copa Betano do Brasil,3,15677069,jOsxMi,Sport Recife x Anápolis,Sport Recife,Anápolis,118614692.0,penaltyShootout,scored,,,True,,,,,,,,,,,,,,2026-04-14T17:35:38.448970Z
2026,Copa Betano do Brasil,3,15677069,jOsxMi,Sport Recife x Anápolis,Sport Recife,Anápolis,,period,,90.0,999.0,,,,,,,,,,,,,,,2026-04-14T17:35:38.448970Z
2026,Copa Betano do Brasil,3,15677069,jOsxMi,Sport Recife x Anápolis,Sport Recife,Anápolis,,period,,90.0,999.0,,,,,,,,,,,,,,,2026-04-14T17:35:38.448970Z
2026,Copa Betano do Brasil,3,15677069,jOsxMi,Sport Recife x Anápolis,Sport Recife,Anápolis,124815315.0,card,yellow,90.0,8.0,False,,,,,,,Vinicius Lucas,1175247.0,,,,,,2026-04-14T17:35:38.448970Z
2026,Copa Betano do Brasil,3,15677069,jOsxMi,Sport Recife x Anápolis,Sport Recife,Anápolis,124815314.0,card,yellow,90.0,6.0,True,,,,,,,Zé Roberto,842076.0,,,,,,2026-04-14T17:35:38.448970Z
2026,Copa Betano do Brasil,3,15677069,jOsxMi,Sport Recife x Anápolis,Sport Recife,Anápolis,124815313.0,card,yellow,85.0,,False,,,,,,,Fernandinho Paiva,1148443.0,,,,,,2026-04-14T17:35:38.448970Z
2026,Copa Betano do Brasil,3,15677069,jOsxMi,Sport Recife x Anápolis,Sport Recife,Anápolis,125723078.0,substitution,regular,84.0,,True,,,,,,,,,,Carlos De Pena,311394.0,Iury Castilho,795020.0,2026-04-14T17:35:38.448970Z
2026,Copa Betano do Brasil,3,15677069,jOsxMi,Sport Recife x Anápolis,Sport Recife,Anápolis,125723080.0,substitution,regular,73.0,,True,,,,,,,,,,Max,1105838.0,Yago Felipe,552164.0,2026-04-14T17:35:38.448970Z
2026,Copa Betano do Brasil,3,15677069,jOsxMi,Sport Recife x Anápolis,Sport Recife,Anápolis,125723079.0,substitution,regular,73.0,,True,,,,,,,,,,Zé Roberto,842076.0,Chrystian Barletta,1035765.0,2026-04-14T17:35:38.448970Z
2026,Copa Betano do Brasil,3,15677069,jOsxMi,Sport Recife x Anápolis,Sport Recife,Anápolis,124815312.0,card,yellow,69.0,,True,,,,,,,Marcelo Ajul,1634992.0,,,,,,2026-04-14T17:35:38.448970Z
2026,Copa Betano do Brasil,3,15677069,jOsxMi,Sport Recife x Anápolis,Sport Recife,Anápolis,125723110.0,substitution,regular,66.0,,False,,,,,,,,,,Fernandinho Paiva,1148443.0,Gustavo Henrique,1066975.0,2026-04-14T17:35:38.448970Z
2026,Copa Betano do Brasil,3,15677069,jOsxMi,Sport Recife x Anápolis,Sport Recife,Anápolis,125723081.0,substitution,regular,66.0,,False,,,,,,,,,,Rodrigo Jesse,1843730.0,Fernando Viana,794907.0,2026-04-14T17:35:38.448970Z
2026,Copa Betano do Brasil,3,15677069,jOsxMi,Sport Recife x Anápolis,Sport Recife,Anápolis,125723112.0,substitution,regular,61.0,,True,,,,,,,,,,Marlon,965796.0,Zé Gabriel,988852.0,2026-04-14T17:35:38.448970Z
2026,Copa Betano do Brasil,3,15677069,jOsxMi,Sport Recife x Anápolis,Sport Recife,Anápolis,125723111.0,substitution,regular,61.0,,True,,,,,,,,,,Clayson,811308.0,Gustavo Maia,1023049.0,2026-04-14T17:35:38.448970Z
2026,Copa Betano do Brasil,3,15677069,jOsxMi,Sport Recife x Anápolis,Sport Recife,Anápolis,125723077.0,substitution,regular,58.0,,False,,,,,,,,,,Matheus Lagoa,866784.0,Juninho,1474281.0,2026-04-14T17:35:38.448970Z
2026,Copa Betano do Brasil,3,15677069,jOsxMi,Sport Recife x Anápolis,Sport Recife,Anápolis,125723076.0,substitution,regular,58.0,,False,,,,,,,,,,Vinicius Lucas,1175247.0,Lucas Milla,1176212.0,2026-04-14T17:35:38.448970Z
2026,Copa Betano do Brasil,3,15677069,jOsxMi,Sport Recife x Anápolis,Sport Recife,Anápolis,,period,,45.0,999.0,,,,,,,,,,,,,,,2026-04-14T17:35:38.448970Z
2026,Copa Betano do Brasil,3,15677069,jOsxMi,Sport Recife x Anápolis,Sport Recife,Anápolis,340721855.0,goal,regular,42.0,,True,1.0,1.0,Marcelo Ajul,1634992.0,,,,,,,,,,2026-04-14T17:35:38.448970Z
2026,Copa Betano do Brasil,3,15677069,jOsxMi,Sport Recife x Anápolis,Sport Recife,Anápolis,124815311.0,card,yellow,37.0,,True,,,,,,,Zé Lucas,2040561.0,,,,,,2026-04-14T17:35:38.448970Z
2026,Copa Betano do Brasil,3,15677069,jOsxMi,Sport Recife x Anápolis,Sport Recife,Anápolis,125723075.0,substitution,regular,33.0,,False,,,,,,,,,,Samuel,1087858.0,João Borim,1997594.0,2026-04-14T17:35:38.448970Z
2026,Copa Betano do Brasil,3,15677069,jOsxMi,Sport Recife x Anápolis,Sport Recife,Anápolis,124815310.0,card,yellow,29.0,,False,,,,,,,João Borim,1997594.0,,,,,,2026-04-14T17:35:38.448970Z
2026,Copa Betano do Brasil,3,15677069,jOsxMi,Sport Recife x Anápolis,Sport Recife,Anápolis,124815309.0,card,yellow,22.0,,True,,,,,,,Zé Gabriel,988852.0,,,,,,2026-04-14T17:35:38.448970Z
2026,Copa Betano do Brasil,3,15677069,jOsxMi,Sport Recife x Anápolis,Sport Recife,Anápolis,340721854.0,goal,regular,14.0,,False,0.0,1.0,João Borim,1997594.0,,,,,,,,,,2026-04-14T17:35:38.448970Z
2026,Copa Betano do Brasil,4,15730737,jOsAfMc,Sport Recife x Athletic Club,Sport Recife,Athletic Club,,period,,90.0,999.0,,,,,,,,,,,,,,,2026-04-14T17:35:38.448970Z
2026,Copa Betano do Brasil,4,15730737,jOsAfMc,Sport Recife x Athletic Club,Sport Recife,Athletic Club,341279061.0,goal,regular,90.0,6.0,False,1.0,3.0,Ronaldo Tavares,828707.0,David Braga,1470709.0,,,,,,,,2026-04-14T17:35:38.448970Z
2026,Copa Betano do Brasil,4,15730737,jOsAfMc,Sport Recife x Athletic Club,Sport Recife,Athletic Club,,injuryTime,,90.0,0.0,,,,,,,,,,,,,,,2026-04-14T17:35:38.448970Z
2026,Copa Betano do Brasil,4,15730737,jOsAfMc,Sport Recife x Athletic Club,Sport Recife,Athletic Club,125796283.0,substitution,regular,78.0,,True,,,,,,,,,,Micael de Barros Viturino,1919858.0,Yago Felipe,552164.0,2026-04-14T17:35:38.448970Z
2026,Copa Betano do Brasil,4,15730737,jOsAfMc,Sport Recife x Athletic Club,Sport Recife,Athletic Club,125796281.0,substitution,regular,78.0,,True,,,,,,,,,,Biel Fonseca,1383112.0,Gustavo Maia,1023049.0,2026-04-14T17:35:38.448970Z
2026,Copa Betano do Brasil,4,15730737,jOsAfMc,Sport Recife x Athletic Club,Sport Recife,Athletic Club,125796260.0,substitution,regular,72.0,,False,,,,,,,,,,Gabriel Indio,2282980.0,Gustavinho,1047852.0,2026-04-14T17:35:38.448970Z
2026,Copa Betano do Brasil,4,15730737,jOsAfMc,Sport Recife x Athletic Club,Sport Recife,Athletic Club,125796205.0,substitution,regular,72.0,,False,,,,,,,,,,Jota,1200993.0,Ian Luccas,1046496.0,2026-04-14T17:35:38.448970Z
2026,Copa Betano do Brasil,4,15730737,jOsAfMc,Sport Recife x Athletic Club,Sport Recife,Athletic Club,124877592.0,card,yellow,68.0,,False,,,,,,,Ronaldo Tavares,828707.0,,,,,,2026-04-14T17:35:38.448970Z
2026,Copa Betano do Brasil,4,15730737,jOsAfMc,Sport Recife x Athletic Club,Sport Recife,Athletic Club,341278024.0,goal,regular,67.0,,False,1.0,2.0,Ronaldo Tavares,828707.0,Jhonathan,1467761.0,,,,,,,,2026-04-14T17:35:38.448970Z
2026,Copa Betano do Brasil,4,15730737,jOsAfMc,Sport Recife x Athletic Club,Sport Recife,Athletic Club,341277896.0,goal,regular,61.0,,True,1.0,1.0,Iury Castilho,795020.0,,,,,,,,,,2026-04-14T17:35:38.448970Z
2026,Copa Betano do Brasil,4,15730737,jOsAfMc,Sport Recife x Athletic Club,Sport Recife,Athletic Club,125796174.0,substitution,injury,59.0,,False,,,,,,,,,,Kauan Rodrigues,1516708.0,Ruan Lucas de Assis,1495892.0,2026-04-14T17:35:38.448970Z
2026,Copa Betano do Brasil,4,15730737,jOsAfMc,Sport Recife x Athletic Club,Sport Recife,Athletic Club,124877572.0,card,yellow,58.0,,False,,,,,,,Zeca,555454.0,Argument,,,,,2026-04-14T17:35:38.448970Z
2026,Copa Betano do Brasil,4,15730737,jOsAfMc,Sport Recife x Athletic Club,Sport Recife,Athletic Club,125796167.0,substitution,regular,55.0,,True,,,,,,,,,,Carlos De Pena,311394.0,Chrystian Barletta,1035765.0,2026-04-14T17:35:38.448970Z
2026,Copa Betano do Brasil,4,15730737,jOsAfMc,Sport Recife x Athletic Club,Sport Recife,Athletic Club,125796166.0,substitution,injury,55.0,,True,,,,,,,,,,Ramon Menezes,839516.0,Marcelo Benevenuto,841808.0,2026-04-14T17:35:38.448970Z
2026,Copa Betano do Brasil,4,15730737,jOsAfMc,Sport Recife x Athletic Club,Sport Recife,Athletic Club,,period,,45.0,999.0,,,,,,,,,,,,,,,2026-04-14T17:35:38.448970Z
2026,Copa Betano do Brasil,4,15730737,jOsAfMc,Sport Recife x Athletic Club,Sport Recife,Athletic Club,,injuryTime,,45.0,0.0,,,,,,,,,,,,,,,2026-04-14T17:35:38.448970Z
2026,Copa Betano do Brasil,4,15730737,jOsAfMc,Sport Recife x Athletic Club,Sport Recife,Athletic Club,124877500.0,card,yellow,37.0,,False,,,,,,,Diogo Batista de Souza,1588320.0,Foul,,,,,2026-04-14T17:35:38.448970Z
2026,Copa Betano do Brasil,4,15730737,jOsAfMc,Sport Recife x Athletic Club,Sport Recife,Athletic Club,124877496.0,card,yellow,28.0,,True,,,,,,,Augusto Pucci,2027140.0,Foul,,,,,2026-04-14T17:35:38.448970Z
2026,Copa Betano do Brasil,4,15730737,jOsAfMc,Sport Recife x Athletic Club,Sport Recife,Athletic Club,125795912.0,substitution,injury,21.0,,False,,,,,,,,,,Gustavinho,1047852.0,Dixon Vera,1197424.0,2026-04-14T17:35:38.448970Z
2026,Copa Betano do Brasil,4,15730737,jOsAfMc,Sport Recife x Athletic Club,Sport Recife,Athletic Club,125795906.0,substitution,injury,17.0,,True,,,,,,,,,,Zé Marcos,901700.0,Marcelo Ajul,1634992.0,2026-04-14T17:35:38.448970Z
2026,Copa Betano do Brasil,4,15730737,jOsAfMc,Sport Recife x Athletic Club,Sport Recife,Athletic Club,341275071.0,goal,regular,4.0,,False,0.0,1.0,Dixon Vera,1197424.0,Ronaldo Tavares,828707.0,,,,,,,,2026-04-14T17:35:38.448970Z
2026,Brasileirão Série B,1,15525993,jOscJu,Cuiabá x Sport Recife,Cuiabá,Sport Recife,,period,,90.0,999.0,,,,,,,,,,,,,,,2026-04-14T17:35:38.448970Z
2026,Brasileirão Série B,1,15525993,jOscJu,Cuiabá x Sport Recife,Cuiabá,Sport Recife,,injuryTime,,90.0,0.0,,,,,,,,,,,,,,,2026-04-14T17:35:38.448970Z
2026,Brasileirão Série B,1,15525993,jOscJu,Cuiabá x Sport Recife,Cuiabá,Sport Recife,125891852.0,substitution,regular,87.0,,False,,,,,,,,,,Carlos De Pena,311394.0,Yago Felipe,552164.0,2026-04-14T17:35:38.448970Z
2026,Brasileirão Série B,1,15525993,jOscJu,Cuiabá x Sport Recife,Cuiabá,Sport Recife,124943383.0,card,yellow,86.0,,False,,,,,,,Clayson,811308.0,Foul,,,,,2026-04-14T17:35:38.448970Z
2026,Brasileirão Série B,1,15525993,jOscJu,Cuiabá x Sport Recife,Cuiabá,Sport Recife,125891787.0,substitution,regular,81.0,,False,,,,,,,,,,Lipão,2440220.0,Iury Castilho,795020.0,2026-04-14T17:35:38.448970Z
2026,Brasileirão Série B,1,15525993,jOscJu,Cuiabá x Sport Recife,Cuiabá,Sport Recife,125891786.0,substitution,regular,81.0,,False,,,,,,,,,,Clayson,811308.0,Gustavo Maia,1023049.0,2026-04-14T17:35:38.448970Z
2026,Brasileirão Série B,1,15525993,jOscJu,Cuiabá x Sport Recife,Cuiabá,Sport Recife,125891757.0,substitution,regular,78.0,,True,,,,,,,,,,Nino Paraíba,77375.0,Railan,1047213.0,2026-04-14T17:35:38.448970Z
2026,Brasileirão Série B,1,15525993,jOscJu,Cuiabá x Sport Recife,Cuiabá,Sport Recife,125891751.0,substitution,regular,78.0,,True,,,,,,,,,,Mateus Santos,904837.0,Vinicius Peixoto,1875994.0,2026-04-14T17:35:38.448970Z
2026,Brasileirão Série B,1,15525993,jOscJu,Cuiabá x Sport Recife,Cuiabá,Sport Recife,125891689.0,substitution,regular,72.0,,False,,,,,,,,,,Dedé,1873287.0,Zé Lucas,2040561.0,2026-04-14T17:35:38.448970Z
2026,Brasileirão Série B,1,15525993,jOscJu,Cuiabá x Sport Recife,Cuiabá,Sport Recife,125891719.0,substitution,regular,72.0,,False,,,,,,,,,,Micael de Barros Viturino,1919858.0,Zé Roberto,842076.0,2026-04-14T17:35:38.448970Z
2026,Brasileirão Série B,1,15525993,jOscJu,Cuiabá x Sport Recife,Cuiabá,Sport Recife,125891637.0,substitution,regular,67.0,,True,,,,,,,,,,Weverson,1106499.0,Lorenzo,2114147.0,2026-04-14T17:35:38.448970Z
2026,Brasileirão Série B,1,15525993,jOscJu,Cuiabá x Sport Recife,Cuiabá,Sport Recife,124943132.0,card,yellow,55.0,,True,,,,,,,Gabriel,1465498.0,Foul,,,,,2026-04-14T17:35:38.448970Z
2026,Brasileirão Série B,1,15525993,jOscJu,Cuiabá x Sport Recife,Cuiabá,Sport Recife,125891434.0,substitution,regular,46.0,,True,,,,,,,,,,David,1633878.0,Pepê,946945.0,2026-04-14T17:35:38.448970Z
2026,Brasileirão Série B,1,15525993,jOscJu,Cuiabá x Sport Recife,Cuiabá,Sport Recife,,period,,45.0,999.0,,,,,,,,,,,,,,,2026-04-14T17:35:38.448970Z
2026,Brasileirão Série B,1,15525993,jOscJu,Cuiabá x Sport Recife,Cuiabá,Sport Recife,125891312.0,substitution,injury,45.0,2.0,True,,,,,,,,,,Luisão,1632328.0,Vitor Mendes,988873.0,2026-04-14T17:35:38.448970Z
2026,Brasileirão Série B,1,15525993,jOscJu,Cuiabá x Sport Recife,Cuiabá,Sport Recife,,injuryTime,,45.0,0.0,,,,,,,,,,,,,,,2026-04-14T17:35:38.448970Z
2026,Brasileirão Série B,1,15525993,jOscJu,Cuiabá x Sport Recife,Cuiabá,Sport Recife,124942977.0,card,yellow,30.0,,False,,,,,,,Yago Felipe,552164.0,Foul,,,,,2026-04-14T17:35:38.448970Z
2026,Copa do Nordeste,1,15791236,jOsqTJ,Sport Recife x Jacuipense,Sport Recife,Jacuipense,,period,,90.0,999.0,,,,,,,,,,,,,,,2026-04-14T17:35:38.448970Z
2026,Copa do Nordeste,1,15791236,jOsqTJ,Sport Recife x Jacuipense,Sport Recife,Jacuipense,125000342.0,card,yellow,90.0,5.0,False,,,,,,,Thiago,1649326.0,,,,,,2026-04-14T17:35:38.448970Z
2026,Copa do Nordeste,1,15791236,jOsqTJ,Sport Recife x Jacuipense,Sport Recife,Jacuipense,125000341.0,card,yellow,90.0,5.0,True,,,,,,,Zé Gabriel,988852.0,,,,,,2026-04-14T17:35:38.448970Z
2026,Copa do Nordeste,1,15791236,jOsqTJ,Sport Recife x Jacuipense,Sport Recife,Jacuipense,125931345.0,substitution,regular,90.0,,True,,,,,,,,,,Ramon Menezes,839516.0,Biel Fonseca,1383112.0,2026-04-14T17:35:38.448970Z
2026,Copa do Nordeste,1,15791236,jOsqTJ,Sport Recife x Jacuipense,Sport Recife,Jacuipense,343281927.0,goal,regular,87.0,,True,2.0,1.0,Biel Fonseca,1383112.0,Max,1105838.0,,,,,,,,2026-04-14T17:35:38.448970Z
2026,Copa do Nordeste,1,15791236,jOsqTJ,Sport Recife x Jacuipense,Sport Recife,Jacuipense,125931350.0,substitution,regular,85.0,,False,,,,,,,,,,Ruan,1087533.0,Vicente Junio Reis,975406.0,2026-04-14T17:35:38.448970Z
2026,Copa do Nordeste,1,15791236,jOsqTJ,Sport Recife x Jacuipense,Sport Recife,Jacuipense,125931349.0,substitution,regular,85.0,,False,,,,,,,,,,Daniel Costa,1631457.0,Thiaguinho,1019651.0,2026-04-14T17:35:38.448970Z
2026,Copa do Nordeste,1,15791236,jOsqTJ,Sport Recife x Jacuipense,Sport Recife,Jacuipense,125000340.0,card,yellow,84.0,,False,,,,,,,Adriano,329253.0,,,,,,2026-04-14T17:35:38.448970Z
2026,Copa do Nordeste,1,15791236,jOsqTJ,Sport Recife x Jacuipense,Sport Recife,Jacuipense,343281926.0,goal,regular,83.0,,False,1.0,1.0,Adriano,329253.0,João Pedro dos Santos Afonso,2537412.0,,,,,,,,2026-04-14T17:35:38.448970Z
2026,Copa do Nordeste,1,15791236,jOsqTJ,Sport Recife x Jacuipense,Sport Recife,Jacuipense,125931348.0,substitution,regular,74.0,,False,,,,,,,,,,João Pedro dos Santos Afonso,2537412.0,Pedrinho,1107958.0,2026-04-14T17:35:38.448970Z
2026,Copa do Nordeste,1,15791236,jOsqTJ,Sport Recife x Jacuipense,Sport Recife,Jacuipense,125931347.0,substitution,regular,74.0,,False,,,,,,,,,,Alison Daniel,1175758.0,Vinícius Amaral,1210467.0,2026-04-14T17:35:38.448970Z
2026,Copa do Nordeste,1,15791236,jOsqTJ,Sport Recife x Jacuipense,Sport Recife,Jacuipense,125931344.0,substitution,regular,67.0,,True,,,,,,,,,,Gustavo Maia,1023049.0,Carlos De Pena,311394.0,2026-04-14T17:35:38.448970Z
2026,Copa do Nordeste,1,15791236,jOsqTJ,Sport Recife x Jacuipense,Sport Recife,Jacuipense,125931343.0,substitution,regular,67.0,,True,,,,,,,,,,Max,1105838.0,Clayson,811308.0,2026-04-14T17:35:38.448970Z
2026,Copa do Nordeste,1,15791236,jOsqTJ,Sport Recife x Jacuipense,Sport Recife,Jacuipense,125000339.0,card,yellow,64.0,,True,,,,,,,Carlos De Pena,311394.0,,,,,,2026-04-14T17:35:38.448970Z
2026,Copa do Nordeste,1,15791236,jOsqTJ,Sport Recife x Jacuipense,Sport Recife,Jacuipense,125931346.0,substitution,regular,62.0,,False,,,,,,,,,,Adriano,329253.0,William,1462117.0,2026-04-14T17:35:38.448970Z
2026,Copa do Nordeste,1,15791236,jOsqTJ,Sport Recife x Jacuipense,Sport Recife,Jacuipense,125931342.0,substitution,regular,60.0,,True,,,,,,,,,,Fillipy do Rozário Teixeira,1883314.0,Zé Roberto,842076.0,2026-04-14T17:35:38.448970Z
2026,Copa do Nordeste,1,15791236,jOsqTJ,Sport Recife x Jacuipense,Sport Recife,Jacuipense,343281925.0,goal,regular,58.0,,True,1.0,0.0,Carlos De Pena,311394.0,,,,,,,,,,2026-04-14T17:35:38.448970Z
2026,Copa do Nordeste,1,15791236,jOsqTJ,Sport Recife x Jacuipense,Sport Recife,Jacuipense,125931341.0,substitution,regular,46.0,,True,,,,,,,,,,Marlon,965796.0,Augusto Pucci,2027140.0,2026-04-14T17:35:38.448970Z
2026,Copa do Nordeste,1,15791236,jOsqTJ,Sport Recife x Jacuipense,Sport Recife,Jacuipense,,period,,45.0,999.0,,,,,,,,,,,,,,,2026-04-14T17:35:38.448970Z
2026,Copa do Nordeste,1,15791236,jOsqTJ,Sport Recife x Jacuipense,Sport Recife,Jacuipense,125000338.0,card,yellow,26.0,,False,,,,,,,Hugo Moura,1640494.0,Foul,,,,,2026-04-14T17:35:38.448970Z
2026,Copa do Nordeste,1,15791236,jOsqTJ,Sport Recife x Jacuipense,Sport Recife,Jacuipense,125000337.0,card,yellow,24.0,,True,,,,,,,Marcelo Ajul,1634992.0,Foul,,,,,2026-04-14T17:35:38.448970Z
2026,Copa do Nordeste,1,15791236,jOsqTJ,Sport Recife x Jacuipense,Sport Recife,Jacuipense,125000336.0,card,yellow,16.0,,False,,,,,,,Vinícius Amaral,1210467.0,Foul,,,,,2026-04-14T17:35:38.448970Z
2026,Copa do Nordeste,2,15846626,jOsNLi,ABC x Sport Recife,ABC,Sport Recife,,period,,90.0,999.0,,,,,,,,,,,,,,,2026-04-14T17:35:38.448970Z
2026,Copa do Nordeste,2,15846626,jOsNLi,ABC x Sport Recife,ABC,Sport Recife,125954412.0,substitution,regular,89.0,,True,,,,,,,,,,Cayo Tenório,1016072.0,Wellington Carvalho,829487.0,2026-04-14T17:35:38.448970Z
2026,Copa do Nordeste,2,15846626,jOsNLi,ABC x Sport Recife,ABC,Sport Recife,125954411.0,substitution,regular,89.0,,True,,,,,,,,,,Emanuel Peixoto,1588013.0,Lucas Marques,1109495.0,2026-04-14T17:35:38.448970Z
2026,Copa do Nordeste,2,15846626,jOsNLi,ABC x Sport Recife,ABC,Sport Recife,125000672.0,card,yellow,88.0,,True,,,,,,,Wallyson,84848.0,,,,,,2026-04-14T17:35:38.448970Z
2026,Copa do Nordeste,2,15846626,jOsNLi,ABC x Sport Recife,ABC,Sport Recife,125954407.0,substitution,regular,84.0,,False,,,,,,,,,,Adriel,2035989.0,Augusto Pucci,2027140.0,2026-04-14T17:35:38.448970Z
2026,Copa do Nordeste,2,15846626,jOsNLi,ABC x Sport Recife,ABC,Sport Recife,125954406.0,substitution,regular,76.0,,False,,,,,,,,,,Fillipy do Rozário Teixeira,1883314.0,Clayson,811308.0,2026-04-14T17:35:38.448970Z
2026,Copa do Nordeste,2,15846626,jOsNLi,ABC x Sport Recife,ABC,Sport Recife,125954405.0,substitution,regular,76.0,,False,,,,,,,,,,Pedro Victor Martins,1106488.0,Zé Roberto,842076.0,2026-04-14T17:35:38.448970Z
2026,Copa do Nordeste,2,15846626,jOsNLi,ABC x Sport Recife,ABC,Sport Recife,125954410.0,substitution,regular,72.0,,True,,,,,,,,,,Lima,840078.0,Randerson,1564266.0,2026-04-14T17:35:38.448970Z
2026,Copa do Nordeste,2,15846626,jOsNLi,ABC x Sport Recife,ABC,Sport Recife,125954404.0,substitution,regular,65.0,,False,,,,,,,,,,Patrick Jorge de Oliveira Ferraz,2033880.0,Carlos De Pena,311394.0,2026-04-14T17:35:38.448970Z
2026,Copa do Nordeste,2,15846626,jOsNLi,ABC x Sport Recife,ABC,Sport Recife,125954403.0,substitution,regular,65.0,,False,,,,,,,,,,Max,1105838.0,Zé Marcos,901700.0,2026-04-14T17:35:38.448970Z
2026,Copa do Nordeste,2,15846626,jOsNLi,ABC x Sport Recife,ABC,Sport Recife,125954409.0,substitution,regular,63.0,,True,,,,,,,,,,João Pedro Florêncio Barbosa,931510.0,Jefferson Vinicius,1066682.0,2026-04-14T17:35:38.448970Z
2026,Copa do Nordeste,2,15846626,jOsNLi,ABC x Sport Recife,ABC,Sport Recife,125954408.0,substitution,regular,63.0,,True,,,,,,,,,,Dudu Mandaí,866845.0,Bruno Leite,1023581.0,2026-04-14T17:35:38.448970Z
2026,Copa do Nordeste,2,15846626,jOsNLi,ABC x Sport Recife,ABC,Sport Recife,343286824.0,goal,regular,60.0,,False,0.0,1.0,Biel Fonseca,1383112.0,,,,,,,,,,2026-04-14T17:35:38.448970Z
2026,Copa do Nordeste,2,15846626,jOsNLi,ABC x Sport Recife,ABC,Sport Recife,125000671.0,card,yellow,54.0,,True,,,,,,,Lucas do Carmo,1019739.0,,,,,,2026-04-14T17:35:38.448970Z
2026,Copa do Nordeste,2,15846626,jOsNLi,ABC x Sport Recife,ABC,Sport Recife,125000670.0,card,yellowRed,48.0,,True,,,,,,,Brunao,1019653.0,Foul,,,,,2026-04-14T17:35:38.448970Z
2026,Copa do Nordeste,2,15846626,jOsNLi,ABC x Sport Recife,ABC,Sport Recife,,period,,45.0,999.0,,,,,,,,,,,,,,,2026-04-14T17:35:38.448970Z
2026,Copa do Nordeste,2,15846626,jOsNLi,ABC x Sport Recife,ABC,Sport Recife,125000669.0,card,yellow,45.0,3.0,True,,,,,,,Brunao,1019653.0,Foul,,,,,2026-04-14T17:35:38.448970Z
2026,Copa do Nordeste,2,15846626,jOsNLi,ABC x Sport Recife,ABC,Sport Recife,125000668.0,card,yellow,40.0,,False,,,,,,,Zé Roberto,842076.0,Foul,,,,,2026-04-14T17:35:38.448970Z
2026,Copa do Nordeste,2,15846626,jOsNLi,ABC x Sport Recife,ABC,Sport Recife,125000667.0,card,yellow,38.0,,True,,,,,,,Jefferson Vinicius,1066682.0,,,,,,2026-04-14T17:35:38.448970Z
2026,Copa do Nordeste,2,15846626,jOsNLi,ABC x Sport Recife,ABC,Sport Recife,125000666.0,card,yellow,21.0,,False,,,,,,,Augusto Pucci,2027140.0,,,,,,2026-04-14T17:35:38.448970Z
2026,Copa do Nordeste,2,15846626,jOsNLi,ABC x Sport Recife,ABC,Sport Recife,125000665.0,card,yellow,17.0,,True,,,,,,,Lucas Marques,1109495.0,Foul,,,,,2026-04-14T17:35:38.448970Z
2026,Copa do Nordeste,2,15846626,jOsNLi,ABC x Sport Recife,ABC,Sport Recife,125000664.0,card,yellow,13.0,,False,,,,,,,Carlos De Pena,311394.0,,,,,,2026-04-14T17:35:38.448970Z
2026,Brasileirão Série B,2,15526002,jOswP,Sport Recife x Vila Nova FC,Sport Recife,Vila Nova FC,,period,,90.0,999.0,,,,,,,,,,,,,,,2026-04-14T17:35:38.448970Z
2026,Brasileirão Série B,2,15526002,jOswP,Sport Recife x Vila Nova FC,Sport Recife,Vila Nova FC,124999345.0,card,red,90.0,7.0,False,,,,,,,Dellatorre,166503.0,Argument,,,,,2026-04-14T17:35:38.448970Z
2026,Brasileirão Série B,2,15526002,jOswP,Sport Recife x Vila Nova FC,Sport Recife,Vila Nova FC,97346.0,varDecision,cardUpgrade,90.0,6.0,False,,,,,,,,,,,,,,2026-04-14T17:35:38.448970Z
2026,Brasileirão Série B,2,15526002,jOswP,Sport Recife x Vila Nova FC,Sport Recife,Vila Nova FC,,injuryTime,,90.0,0.0,,,,,,,,,,,,,,,2026-04-14T17:35:38.448970Z
2026,Brasileirão Série B,2,15526002,jOswP,Sport Recife x Vila Nova FC,Sport Recife,Vila Nova FC,125967259.0,substitution,regular,88.0,,False,,,,,,,,,,Dudu,2510831.0,Tiago Pagnussat,1650429.0,2026-04-14T17:35:38.448970Z
2026,Brasileirão Série B,2,15526002,jOswP,Sport Recife x Vila Nova FC,Sport Recife,Vila Nova FC,343216740.0,goal,regular,78.0,,True,1.0,1.0,Perotti,840076.0,Felipinho,1048276.0,,,,,,,,2026-04-14T17:35:38.448970Z
2026,Brasileirão Série B,2,15526002,jOswP,Sport Recife x Vila Nova FC,Sport Recife,Vila Nova FC,125967233.0,substitution,regular,78.0,,False,,,,,,,,,,Dodô,338839.0,Janderson,870898.0,2026-04-14T17:35:38.448970Z
2026,Brasileirão Série B,2,15526002,jOswP,Sport Recife x Vila Nova FC,Sport Recife,Vila Nova FC,125967232.0,substitution,regular,78.0,,False,,,,,,,,,,Bruno Xavier,901455.0,Ryan Lima,1634692.0,2026-04-14T17:35:38.448970Z
2026,Brasileirão Série B,2,15526002,jOswP,Sport Recife x Vila Nova FC,Sport Recife,Vila Nova FC,125967231.0,substitution,regular,77.0,,True,,,,,,,,,,Pedro Victor Martins,1106488.0,Augusto Pucci,2027140.0,2026-04-14T17:35:38.448970Z
2026,Brasileirão Série B,2,15526002,jOswP,Sport Recife x Vila Nova FC,Sport Recife,Vila Nova FC,125967230.0,substitution,regular,77.0,,True,,,,,,,,,,Clayson,811308.0,Chrystian Barletta,1035765.0,2026-04-14T17:35:38.448970Z
2026,Brasileirão Série B,2,15526002,jOswP,Sport Recife x Vila Nova FC,Sport Recife,Vila Nova FC,125967229.0,substitution,regular,77.0,,True,,,,,,,,,,Marlon,965796.0,Yago Felipe,552164.0,2026-04-14T17:35:38.448970Z
2026,Brasileirão Série B,2,15526002,jOswP,Sport Recife x Vila Nova FC,Sport Recife,Vila Nova FC,124999247.0,card,yellow,69.0,,True,,,,,,,Yago Felipe,552164.0,Persistent fouling,,,,,2026-04-14T17:35:38.448970Z
2026,Brasileirão Série B,2,15526002,jOswP,Sport Recife x Vila Nova FC,Sport Recife,Vila Nova FC,125967208.0,substitution,regular,67.0,,True,,,,,,,,,,Carlos De Pena,311394.0,Zé Gabriel,988852.0,2026-04-14T17:35:38.448970Z
2026,Brasileirão Série B,2,15526002,jOswP,Sport Recife x Vila Nova FC,Sport Recife,Vila Nova FC,343215356.0,goal,regular,59.0,,False,0.0,1.0,Janderson,870898.0,Ryan Lima,1634692.0,,,,,,,,2026-04-14T17:35:38.448970Z
2026,Brasileirão Série B,2,15526002,jOswP,Sport Recife x Vila Nova FC,Sport Recife,Vila Nova FC,125967176.0,substitution,regular,57.0,,False,,,,,,,,,,Elias,876202.0,Hayner,807767.0,2026-04-14T17:35:38.448970Z
2026,Brasileirão Série B,2,15526002,jOswP,Sport Recife x Vila Nova FC,Sport Recife,Vila Nova FC,124999194.0,card,yellow,53.0,,False,,,,,,,Hayner,807767.0,Simulation,,,,,2026-04-14T17:35:38.448970Z
2026,Brasileirão Série B,2,15526002,jOswP,Sport Recife x Vila Nova FC,Sport Recife,Vila Nova FC,125967137.0,substitution,regular,46.0,,False,,,,,,,,,,Willian Maranhão,868120.0,Nathan Camargo,1199453.0,2026-04-14T17:35:38.448970Z
2026,Brasileirão Série B,2,15526002,jOswP,Sport Recife x Vila Nova FC,Sport Recife,Vila Nova FC,,period,,45.0,999.0,,,,,,,,,,,,,,,2026-04-14T17:35:38.448970Z
2026,Brasileirão Série B,2,15526002,jOswP,Sport Recife x Vila Nova FC,Sport Recife,Vila Nova FC,124999131.0,card,yellow,45.0,8.0,False,,,,,,,Nathan Camargo,1199453.0,Foul,,,,,2026-04-14T17:35:38.448970Z
2026,Brasileirão Série B,2,15526002,jOswP,Sport Recife x Vila Nova FC,Sport Recife,Vila Nova FC,124999121.0,card,red,45.0,5.0,True,,,,,,,Iury Castilho,795020.0,Foul,,,,,2026-04-14T17:35:38.448970Z
2026,Brasileirão Série B,2,15526002,jOswP,Sport Recife x Vila Nova FC,Sport Recife,Vila Nova FC,97339.0,varDecision,cardUpgrade,45.0,5.0,True,,,,,,,,,,,,,,2026-04-14T17:35:38.448970Z
2026,Brasileirão Série B,2,15526002,jOswP,Sport Recife x Vila Nova FC,Sport Recife,Vila Nova FC,,injuryTime,,45.0,0.0,,,,,,,,,,,,,,,2026-04-14T17:35:38.448970Z
2026,Brasileirão Série B,2,15526002,jOswP,Sport Recife x Vila Nova FC,Sport Recife,Vila Nova FC,124999108.0,card,yellow,43.0,,True,,,,,,,Zé Marcos,901700.0,Foul,,,,,2026-04-14T17:35:38.448970Z
2026,Brasileirão Série B,2,15526002,jOswP,Sport Recife x Vila Nova FC,Sport Recife,Vila Nova FC,124999087.0,card,yellow,39.0,,False,,,,,,,Ryan Lima,1634692.0,Foul,,,,,2026-04-14T17:35:38.448970Z
2026,Brasileirão Série B,2,15526002,jOswP,Sport Recife x Vila Nova FC,Sport Recife,Vila Nova FC,124999067.0,card,yellow,36.0,,False,,,,,,,Caio Marcelo,953718.0,Foul,,,,,2026-04-14T17:35:38.448970Z
2026,Brasileirão Série B,2,15526002,jOswP,Sport Recife x Vila Nova FC,Sport Recife,Vila Nova FC,125967020.0,substitution,injury,35.0,,True,,,,,,,,,,Perotti,840076.0,Zé Roberto,842076.0,2026-04-14T17:35:38.448970Z
2026,Brasileirão Série B,3,15526008,jOsxP,Londrina x Sport Recife,Londrina,Sport Recife,,period,,90.0,999.0,,,,,,,,,,,,,,,2026-04-14T17:35:38.448970Z
2026,Brasileirão Série B,3,15526008,jOsxP,Londrina x Sport Recife,Londrina,Sport Recife,125987502.0,substitution,injury,90.0,5.0,False,,,,,,,,,,Pedro Victor Martins,1106488.0,Augusto Pucci,2027140.0,2026-04-14T17:35:38.448970Z
2026,Brasileirão Série B,3,15526008,jOsxP,Londrina x Sport Recife,Londrina,Sport Recife,125015727.0,card,yellow,90.0,2.0,True,,,,,,,Paulinho Moccelin,341145.0,Foul,,,,,2026-04-14T17:35:38.448970Z
2026,Brasileirão Série B,3,15526008,jOsxP,Londrina x Sport Recife,Londrina,Sport Recife,,injuryTime,,90.0,0.0,,,,,,,,,,,,,,,2026-04-14T17:35:38.448970Z
2026,Brasileirão Série B,3,15526008,jOsxP,Londrina x Sport Recife,Londrina,Sport Recife,125987444.0,substitution,regular,88.0,,False,,,,,,,,,,Carlos De Pena,311394.0,Chrystian Barletta,1035765.0,2026-04-14T17:35:38.448970Z
2026,Brasileirão Série B,3,15526008,jOsxP,Londrina x Sport Recife,Londrina,Sport Recife,343667532.0,goal,regular,87.0,,False,1.0,2.0,Perotti,840076.0,Augusto Pucci,2027140.0,,,,,,,,2026-04-14T17:35:38.448970Z
2026,Brasileirão Série B,3,15526008,jOsxP,Londrina x Sport Recife,Londrina,Sport Recife,125987401.0,substitution,regular,83.0,,True,,,,,,,,,,Willian Chumbinho,1485595.0,André Luiz,1016673.0,2026-04-14T17:35:38.448970Z
2026,Brasileirão Série B,3,15526008,jOsxP,Londrina x Sport Recife,Londrina,Sport Recife,125987297.0,substitution,regular,77.0,,True,,,,,,,,,,Juninho,2030576.0,Iago Teles,1125099.0,2026-04-14T17:35:38.448970Z
2026,Brasileirão Série B,3,15526008,jOsxP,Londrina x Sport Recife,Londrina,Sport Recife,125987296.0,substitution,regular,77.0,,True,,,,,,,,,,Caio Maia,1471217.0,Vitinho,2125637.0,2026-04-14T17:35:38.448970Z
2026,Brasileirão Série B,3,15526008,jOsxP,Londrina x Sport Recife,Londrina,Sport Recife,343666335.0,goal,penalty,67.0,,False,1.0,1.0,Chrystian Barletta,1035765.0,,,,,,,,,,2026-04-14T17:35:38.448970Z
2026,Brasileirão Série B,3,15526008,jOsxP,Londrina x Sport Recife,Londrina,Sport Recife,125987171.0,substitution,regular,62.0,,False,,,,,,,,,,Marlon,965796.0,Yago Felipe,552164.0,2026-04-14T17:35:38.448970Z
2026,Brasileirão Série B,3,15526008,jOsxP,Londrina x Sport Recife,Londrina,Sport Recife,125987162.0,substitution,regular,61.0,,True,,,,,,,,,,Paulinho Moccelin,341145.0,Thalis Cantanhede,856357.0,2026-04-14T17:35:38.448970Z
2026,Brasileirão Série B,3,15526008,jOsxP,Londrina x Sport Recife,Londrina,Sport Recife,125987054.0,substitution,regular,46.0,,False,,,,,,,,,,Clayson,811308.0,Zé Lucas,2040561.0,2026-04-14T17:35:38.448970Z
2026,Brasileirão Série B,3,15526008,jOsxP,Londrina x Sport Recife,Londrina,Sport Recife,,period,,45.0,999.0,,,,,,,,,,,,,,,2026-04-14T17:35:38.448970Z
2026,Brasileirão Série B,3,15526008,jOsxP,Londrina x Sport Recife,Londrina,Sport Recife,,injuryTime,,45.0,0.0,,,,,,,,,,,,,,,2026-04-14T17:35:38.448970Z
2026,Brasileirão Série B,3,15526008,jOsxP,Londrina x Sport Recife,Londrina,Sport Recife,125015449.0,card,yellow,44.0,,True,,,,,,,Thalis Cantanhede,856357.0,Foul,,,,,2026-04-14T17:35:38.448970Z
2026,Brasileirão Série B,3,15526008,jOsxP,Londrina x Sport Recife,Londrina,Sport Recife,343662632.0,goal,regular,22.0,,True,1.0,0.0,Bruno Santos,1105781.0,,,,,,,,,,2026-04-14T17:35:38.448970Z
2026,Copa do Nordeste,3,15871851,jOsOWEc,Sport Recife x Retrô,Sport Recife,Retrô,,period,,90.0,999.0,,,,,,,,,,,,,,,2026-04-14T17:35:38.448970Z
2026,Copa do Nordeste,3,15871851,jOsOWEc,Sport Recife x Retrô,Sport Recife,Retrô,125036103.0,card,yellow,88.0,,False,,,,,,,Guilherme Marques,1166479.0,Foul,,,,,2026-04-14T17:35:38.448970Z
2026,Copa do Nordeste,3,15871851,jOsOWEc,Sport Recife x Retrô,Sport Recife,Retrô,126013929.0,substitution,regular,78.0,,True,,,,,,,,,,Edson Lucas,1117470.0,Perotti,840076.0,2026-04-14T17:35:38.448970Z
2026,Copa do Nordeste,3,15871851,jOsOWEc,Sport Recife x Retrô,Sport Recife,Retrô,344209528.0,goal,regular,77.0,,True,3.0,0.0,Habraão,1167540.0,Carlos De Pena,311394.0,,,,,,,,2026-04-14T17:35:38.448970Z
2026,Copa do Nordeste,3,15871851,jOsOWEc,Sport Recife x Retrô,Sport Recife,Retrô,344209527.0,goal,regular,74.0,,True,2.0,0.0,Chrystian Barletta,1035765.0,Iury Castilho,795020.0,,,,,,,,2026-04-14T17:35:38.448970Z
2026,Copa do Nordeste,3,15871851,jOsOWEc,Sport Recife x Retrô,Sport Recife,Retrô,125036102.0,card,yellow,71.0,,False,,,,,,,Radsley,1148275.0,Foul,,,,,2026-04-14T17:35:38.448970Z
2026,Copa do Nordeste,3,15871851,jOsOWEc,Sport Recife x Retrô,Sport Recife,Retrô,126013923.0,substitution,regular,69.0,,False,,,,,,,,,,Bruno Marques,978517.0,Diego Matos Guerra,1462971.0,2026-04-14T17:35:38.448970Z
2026,Copa do Nordeste,3,15871851,jOsOWEc,Sport Recife x Retrô,Sport Recife,Retrô,344209526.0,goal,regular,60.0,,True,1.0,0.0,Iury Castilho,795020.0,,,,,,,,,,2026-04-14T17:35:38.448970Z
2026,Copa do Nordeste,3,15871851,jOsOWEc,Sport Recife x Retrô,Sport Recife,Retrô,126013921.0,substitution,regular,59.0,,False,,,,,,,,,,Ericson Araújo da Costa Filho,1589211.0,Luiz Henrique,1017715.0,2026-04-14T17:35:38.448970Z
2026,Copa do Nordeste,3,15871851,jOsOWEc,Sport Recife x Retrô,Sport Recife,Retrô,126013920.0,substitution,regular,59.0,,False,,,,,,,,,,Jhonnatam Allex Moura de Santana,1459630.0,Sillas,870660.0,2026-04-14T17:35:38.448970Z
2026,Copa do Nordeste,3,15871851,jOsOWEc,Sport Recife x Retrô,Sport Recife,Retrô,126013927.0,substitution,regular,55.0,,True,,,,,,,,,,Marlon,965796.0,Biel Fonseca,1383112.0,2026-04-14T17:35:38.448970Z
2026,Copa do Nordeste,3,15871851,jOsOWEc,Sport Recife x Retrô,Sport Recife,Retrô,126013926.0,substitution,regular,55.0,,True,,,,,,,,,,Iury Castilho,795020.0,Clayson,811308.0,2026-04-14T17:35:38.448970Z
2026,Copa do Nordeste,3,15871851,jOsOWEc,Sport Recife x Retrô,Sport Recife,Retrô,126013925.0,substitution,regular,55.0,,True,,,,,,,,,,Carlos De Pena,311394.0,Zé Gabriel,988852.0,2026-04-14T17:35:38.448970Z
2026,Copa do Nordeste,3,15871851,jOsOWEc,Sport Recife x Retrô,Sport Recife,Retrô,125036101.0,card,yellow,51.0,,True,,,,,,,Yago Felipe,552164.0,Foul,,,,,2026-04-14T17:35:38.448970Z
2026,Copa do Nordeste,3,15871851,jOsOWEc,Sport Recife x Retrô,Sport Recife,Retrô,126013924.0,substitution,regular,46.0,,True,,,,,,,,,,Habraão,1167540.0,Zé Marcos,901700.0,2026-04-14T17:35:38.448970Z
2026,Copa do Nordeste,3,15871851,jOsOWEc,Sport Recife x Retrô,Sport Recife,Retrô,,period,,45.0,999.0,,,,,,,,,,,,,,,2026-04-14T17:35:38.448970Z
2026,Copa do Nordeste,3,15871851,jOsOWEc,Sport Recife x Retrô,Sport Recife,Retrô,126013919.0,substitution,regular,45.0,4.0,False,,,,,,,,,,Cauã de Matos Peixoto Guerra,1631800.0,Willian Lira Sousa,941008.0,2026-04-14T17:35:38.448970Z
2026,Copa do Nordeste,3,15871851,jOsOWEc,Sport Recife x Retrô,Sport Recife,Retrô,126013918.0,substitution,regular,45.0,4.0,False,,,,,,,,,,Murilo,1589222.0,Helter Danillo Dantas da Silva,1589220.0,2026-04-14T17:35:38.448970Z
2026,Copa do Nordeste,3,15871851,jOsOWEc,Sport Recife x Retrô,Sport Recife,Retrô,125036100.0,card,yellow,41.0,,True,,,,,,,Zé Gabriel,988852.0,Foul,,,,,2026-04-14T17:35:38.448970Z
2026,Brasileirão Série B,4,15526022,jOspWc,Sport Recife x Avaí,Sport Recife,Avaí,,period,,90.0,999.0,,,,,,,,,,,,,,,2026-04-14T17:35:38.448970Z
2026,Brasileirão Série B,4,15526022,jOspWc,Sport Recife x Avaí,Sport Recife,Avaí,125046662.0,card,yellow,90.0,7.0,False,,,,,,,Sorriso,1897879.0,,,,,,2026-04-14T17:35:38.448970Z
2026,Brasileirão Série B,4,15526022,jOspWc,Sport Recife x Avaí,Sport Recife,Avaí,344381660.0,goal,regular,90.0,6.0,False,2.0,2.0,Sorriso,1897879.0,Zé Ricardo,840132.0,,,,,,,,2026-04-14T17:35:38.448970Z
2026,Brasileirão Série B,4,15526022,jOspWc,Sport Recife x Avaí,Sport Recife,Avaí,125046652.0,card,yellow,90.0,4.0,True,,,,,,,Marlon,965796.0,,,,,,2026-04-14T17:35:38.448970Z
2026,Brasileirão Série B,4,15526022,jOspWc,Sport Recife x Avaí,Sport Recife,Avaí,125046642.0,card,yellow,90.0,1.0,False,,,,,,,Douglas Teixeira,1609565.0,Foul,,,,,2026-04-14T17:35:38.448970Z
2026,Brasileirão Série B,4,15526022,jOspWc,Sport Recife x Avaí,Sport Recife,Avaí,,injuryTime,,90.0,0.0,,,,,,,,,,,,,,,2026-04-14T17:35:38.448970Z
2026,Brasileirão Série B,4,15526022,jOspWc,Sport Recife x Avaí,Sport Recife,Avaí,344381519.0,goal,regular,89.0,,True,2.0,1.0,Carlos De Pena,311394.0,Marlon,965796.0,,,,,,,,2026-04-14T17:35:38.448970Z
2026,Brasileirão Série B,4,15526022,jOspWc,Sport Recife x Avaí,Sport Recife,Avaí,126030235.0,substitution,regular,86.0,,False,,,,,,,,,,Cristiano,215954.0,Jean Lucas,902684.0,2026-04-14T17:35:38.448970Z
2026,Brasileirão Série B,4,15526022,jOspWc,Sport Recife x Avaí,Sport Recife,Avaí,126030234.0,substitution,regular,86.0,,False,,,,,,,,,,Isaías Pereira,2030554.0,Walace dos Santos França,2436887.0,2026-04-14T17:35:38.448970Z
2026,Brasileirão Série B,4,15526022,jOspWc,Sport Recife x Avaí,Sport Recife,Avaí,126030233.0,substitution,regular,86.0,,True,,,,,,,,,,Marlon,965796.0,Zé Gabriel,988852.0,2026-04-14T17:35:38.448970Z
2026,Brasileirão Série B,4,15526022,jOspWc,Sport Recife x Avaí,Sport Recife,Avaí,125046566.0,card,yellow,74.0,,False,,,,,,,Paulo Vitor,1488136.0,Foul,,,,,2026-04-14T17:35:38.448970Z
2026,Brasileirão Série B,4,15526022,jOspWc,Sport Recife x Avaí,Sport Recife,Avaí,126030125.0,substitution,regular,72.0,,True,,,,,,,,,,Gustavo Maia,1023049.0,Perotti,840076.0,2026-04-14T17:35:38.448970Z
2026,Brasileirão Série B,4,15526022,jOspWc,Sport Recife x Avaí,Sport Recife,Avaí,126030119.0,substitution,injury,71.0,,False,,,,,,,,,,Wesley Gasolina,994479.0,Wallison,988671.0,2026-04-14T17:35:38.448970Z
2026,Brasileirão Série B,4,15526022,jOspWc,Sport Recife x Avaí,Sport Recife,Avaí,126030090.0,substitution,regular,67.0,,False,,,,,,,,,,Romildo Del Piage,1018259.0,Luiz Henrique,1015283.0,2026-04-14T17:35:38.448970Z
2026,Brasileirão Série B,4,15526022,jOspWc,Sport Recife x Avaí,Sport Recife,Avaí,126030089.0,substitution,regular,66.0,,False,,,,,,,,,,Sorriso,1897879.0,Thayllon Roberth,1633708.0,2026-04-14T17:35:38.448970Z
2026,Brasileirão Série B,4,15526022,jOspWc,Sport Recife x Avaí,Sport Recife,Avaí,126029966.0,substitution,regular,46.0,,True,,,,,,,,,,Carlos De Pena,311394.0,Biel Fonseca,1383112.0,2026-04-14T17:35:38.448970Z
2026,Brasileirão Série B,4,15526022,jOspWc,Sport Recife x Avaí,Sport Recife,Avaí,126029965.0,substitution,regular,46.0,,True,,,,,,,,,,Iury Castilho,795020.0,Clayson,811308.0,2026-04-14T17:35:38.448970Z
2026,Brasileirão Série B,4,15526022,jOspWc,Sport Recife x Avaí,Sport Recife,Avaí,,period,,45.0,999.0,,,,,,,,,,,,,,,2026-04-14T17:35:38.448970Z
2026,Brasileirão Série B,4,15526022,jOspWc,Sport Recife x Avaí,Sport Recife,Avaí,344380635.0,goal,penalty,45.0,9.0,True,1.0,1.0,Chrystian Barletta,1035765.0,,,,,,,,,,2026-04-14T17:35:38.448970Z
2026,Brasileirão Série B,4,15526022,jOspWc,Sport Recife x Avaí,Sport Recife,Avaí,125046394.0,card,yellow,45.0,8.0,False,,,,,,,Zé Ricardo,840132.0,Argument,,,,,2026-04-14T17:35:38.448970Z
2026,Brasileirão Série B,4,15526022,jOspWc,Sport Recife x Avaí,Sport Recife,Avaí,97873.0,varDecision,penaltyNotAwarded,45.0,6.0,True,,,,,,,,,,,,,,2026-04-14T17:35:38.448970Z
2026,Brasileirão Série B,4,15526022,jOspWc,Sport Recife x Avaí,Sport Recife,Avaí,,injuryTime,,45.0,0.0,,,,,,,,,,,,,,,2026-04-14T17:35:38.448970Z
2026,Brasileirão Série B,4,15526022,jOspWc,Sport Recife x Avaí,Sport Recife,Avaí,125046337.0,card,yellow,41.0,,False,,,,,,,Wallison,988671.0,Foul,,,,,2026-04-14T17:35:38.448970Z
2026,Brasileirão Série B,4,15526022,jOspWc,Sport Recife x Avaí,Sport Recife,Avaí,125046328.0,card,yellow,40.0,,True,,,,,,,Chrystian Barletta,1035765.0,Argument,,,,,2026-04-14T17:35:38.448970Z
2026,Brasileirão Série B,4,15526022,jOspWc,Sport Recife x Avaí,Sport Recife,Avaí,125046329.0,card,yellow,40.0,,False,,,,,,,Luiz Henrique,1015283.0,Argument,,,,,2026-04-14T17:35:38.448970Z
2026,Brasileirão Série B,4,15526022,jOspWc,Sport Recife x Avaí,Sport Recife,Avaí,126029772.0,substitution,injury,34.0,,True,,,,,,,,,,Habraão,1167540.0,Zé Marcos,901700.0,2026-04-14T17:35:38.448970Z
2026,Brasileirão Série B,4,15526022,jOspWc,Sport Recife x Avaí,Sport Recife,Avaí,344379671.0,goal,penalty,19.0,,False,0.0,1.0,Luiz Henrique,1015283.0,,,,,,,,,,2026-04-14T17:35:38.448970Z
2026,Brasileirão Série B,4,15526022,jOspWc,Sport Recife x Avaí,Sport Recife,Avaí,125046389.0,card,yellow,-5.0,,False,,,,,,,Isaías Pereira,2030554.0,Argument,,,,,2026-04-14T17:35:38.448970Z
