season,competition,round,event_id,match_code,home_team,away_team,team_id,team_name,is_home,player_id,player_name,player_slug,position,jersey_number,is_substitute,last_updated_at,minutes_played,rating,total_pass,accurate_pass,total_long_balls,accurate_long_balls,goal_assist,accurate_own_half_passes,total_own_half_passes,accurate_opposition_half_passes,total_opposition_half_passes,total_progression,total_ball_carries_distance,total_progressive_ball_carries_distance,progressive_ball_carries_count,best_ball_carry_progression,ball_carries_count,total_shots,total_clearance,duel_won,was_fouled,saves,touches,possession_lost_ctrl,ball_recovery,expected_assists,pass_value_normalized,dribble_value_normalized,defensive_value_normalized,goalkeeper_value_normalized,keeper_save_value,goals_prevented
2026,"Cearense, Serie A, Championship Round",3,15415269,bPsvP,Ceará,Fortaleza,,Ceará,True,883906,Richard,richard,G,1,False,2026-04-28T19:58:13.636188Z,90.0,6.9,11.0,11.0,2.0,2.0,0.0,10.0,10.0,1.0,1.0,10.467827541866,19.088665411528,,0.0,,3.0,0.0,1.0,2.0,1.0,,19.0,,5.0,,0.01,0.0,0.27,,,
2026,"Cearense, Serie A, Championship Round",3,15415269,bPsvP,Ceará,Fortaleza,,Ceará,True,788195,Rafael Ramos,rafael-ramos,D,2,False,2026-04-28T19:58:13.636188Z,81.0,7.0,45.0,44.0,6.0,6.0,0.0,28.0,28.0,16.0,17.0,134.79285643682,222.34942606073,50.580034039271,2.0,26.741604464037,26.0,1.0,5.0,1.0,1.0,,77.0,16.0,3.0,,0.25,0.14,0.13,,,
2026,"Cearense, Serie A, Championship Round",3,15415269,bPsvP,Ceará,Fortaleza,,Ceará,True,1589365,Pedro Gilmar,pedro-gilmar-de-souza-amorim-neto,D,63,False,2026-04-28T19:58:13.636188Z,90.0,6.9,44.0,39.0,8.0,5.0,0.0,33.0,34.0,6.0,10.0,108.79372349542,139.48032428979,,0.0,,20.0,0.0,6.0,2.0,,,52.0,6.0,,,0.13,0.06,0.16,,,
2026,"Cearense, Serie A, Championship Round",3,15415269,bPsvP,Ceará,Fortaleza,,Ceará,True,842072,Éder,eder-ferreira,D,33,False,2026-04-28T19:58:13.636188Z,90.0,7.5,59.0,50.0,15.0,8.0,0.0,38.0,41.0,12.0,18.0,121.73693291113,212.3565446045,29.974037032072,1.0,28.346695840394,26.0,0.0,5.0,4.0,1.0,,72.0,10.0,1.0,,0.11,0.07,0.37,,,
2026,"Cearense, Serie A, Championship Round",3,15415269,bPsvP,Ceará,Fortaleza,,Ceará,True,1017746,Fernando,fernando,D,17,False,2026-04-28T19:58:13.636188Z,90.0,7.8,58.0,52.0,6.0,2.0,0.0,26.0,26.0,26.0,32.0,71.990372750003,153.75031607236,,0.0,,20.0,0.0,1.0,11.0,4.0,,84.0,11.0,4.0,,0.2,-0.14,0.27,,,
2026,"Cearense, Serie A, Championship Round",3,15415269,bPsvP,Ceará,Fortaleza,,Ceará,True,1048254,Lucas Lima,lucas-lima,M,31,False,2026-04-28T19:58:13.636188Z,81.0,6.5,21.0,20.0,1.0,1.0,0.0,8.0,9.0,12.0,12.0,-2.6726796121486,32.071681993208,,0.0,,3.0,1.0,1.0,2.0,1.0,,37.0,5.0,2.0,,0.01,0.01,0.19,,,
2026,"Cearense, Serie A, Championship Round",3,15415269,bPsvP,Ceará,Fortaleza,,Ceará,True,973841,Vinicius Zanocelo,vinicius-zanocelo,M,25,False,2026-04-28T19:58:13.636188Z,90.0,7.2,51.0,45.0,7.0,4.0,0.0,17.0,17.0,28.0,34.0,53.399716395475,94.604302409091,11.493743036975,1.0,10.42376588178,15.0,0.0,1.0,6.0,,,61.0,6.0,1.0,,-0.06,0.1,0.33,,,
2026,"Cearense, Serie A, Championship Round",3,15415269,bPsvP,Ceará,Fortaleza,,Ceará,True,219190,Pedro Henrique,pedro-henrique,M,7,False,2026-04-28T19:58:13.636188Z,69.0,7.0,17.0,12.0,,,0.0,5.0,6.0,7.0,11.0,55.846093524727,99.410476349875,36.488709442417,2.0,21.918513337042,11.0,0.0,,9.0,2.0,,31.0,11.0,3.0,,-0.03,0.15,0.15,,,
2026,"Cearense, Serie A, Championship Round",3,15415269,bPsvP,Ceará,Fortaleza,,Ceará,True,1101714,Vina,vina,M,29,False,2026-04-28T19:58:13.636188Z,90.0,7.2,40.0,33.0,6.0,6.0,0.0,11.0,11.0,22.0,29.0,26.871998105877,67.967877345959,,0.0,,10.0,2.0,1.0,2.0,,,50.0,11.0,5.0,,0.26,0.16,0.2,,,
2026,"Cearense, Serie A, Championship Round",3,15415269,bPsvP,Ceará,Fortaleza,,Ceará,True,871219,Fernandinho,fernandinho,M,11,False,2026-04-28T19:58:13.636188Z,62.0,6.6,9.0,7.0,,,0.0,3.0,3.0,4.0,6.0,-10.802526119924,81.802877884786,,0.0,,10.0,1.0,,6.0,2.0,,23.0,8.0,3.0,,-0.04,-0.35,0.14,,,
2026,"Cearense, Serie A, Championship Round",3,15415269,bPsvP,Ceará,Fortaleza,,Ceará,True,1199435,Lucca,lucca,F,99,False,2026-04-28T19:58:13.636188Z,69.0,5.7,6.0,3.0,,,0.0,2.0,2.0,1.0,4.0,6.4914302518863,28.342574856889,,0.0,,4.0,1.0,1.0,2.0,,,18.0,10.0,,,0.06,-0.11,0.0,,,
2026,"Cearense, Serie A, Championship Round",3,15415269,bPsvP,Ceará,Fortaleza,,Ceará,True,875906,Juan Alano,juan-alano,F,10,True,2026-04-28T19:58:13.636188Z,28.0,6.4,7.0,7.0,,,0.0,2.0,2.0,5.0,5.0,27.275075877768,52.300225725756,20.710133389237,1.0,13.588508774834,4.0,0.0,1.0,1.0,1.0,,14.0,2.0,3.0,,-0.1,0.02,0.16,,,
2026,"Cearense, Serie A, Championship Round",3,15415269,bPsvP,Ceará,Fortaleza,,Ceará,True,870758,Richardson,richardson,M,26,True,2026-04-28T19:58:13.636188Z,21.0,6.7,17.0,17.0,3.0,3.0,0.0,6.0,6.0,11.0,11.0,26.471172296418,41.521037349807,21.384005260942,1.0,19.923162730256,5.0,1.0,,,,,19.0,1.0,2.0,,0.0,0.04,-0.04,,,
2026,"Cearense, Serie A, Championship Round",3,15415269,bPsvP,Ceará,Fortaleza,,Ceará,True,822523,Matheusinho,matheusinho,M,98,True,2026-04-28T19:58:13.636188Z,21.0,6.4,10.0,10.0,,,0.0,4.0,4.0,6.0,6.0,69.095394336253,98.428463914645,56.546493275707,2.0,25.2593197252,7.0,0.0,,,,,13.0,2.0,1.0,,0.02,0.07,-0.05,,,
2026,"Cearense, Serie A, Championship Round",3,15415269,bPsvP,Ceará,Fortaleza,,Ceará,True,1185832,Júlio César,julio-cesar,D,18,True,2026-04-28T19:58:13.636188Z,9.0,6.7,11.0,8.0,1.0,,0.0,4.0,5.0,4.0,6.0,8.1576705683477,36.732121640021,,0.0,,4.0,0.0,1.0,1.0,,,13.0,3.0,,,0.03,0.0,0.13,,,
2026,"Cearense, Serie A, Championship Round",3,15415269,bPsvP,Ceará,Fortaleza,,Ceará,True,2440251,Melk,melk,M,40,True,2026-04-28T19:58:13.636188Z,9.0,6.5,4.0,2.0,,,0.0,,1.0,2.0,3.0,8.1540883834706,12.3287495501,,0.0,,2.0,0.0,,,,,5.0,2.0,1.0,,0.0,0.0,0.0,,,
2026,"Cearense, Serie A, Championship Round",3,15415269,bPsvP,Ceará,Fortaleza,,Ceará,True,1639127,Jorge Bartholdy,jorge-bartholdy,G,23,True,2026-04-28T19:58:13.636188Z,,,,,,,,,,,,,,,,,,0.0,,,,,,,,,,,,,,
2026,"Cearense, Serie A, Championship Round",3,15415269,bPsvP,Ceará,Fortaleza,,Ceará,True,2537130,Gustavo Dias Martins,gustavo-dias-martins,G,41,True,2026-04-28T19:58:13.636188Z,,,,,,,,,,,,,,,,,,0.0,,,,,,,,,,,,,,
2026,"Cearense, Serie A, Championship Round",3,15415269,bPsvP,Ceará,Fortaleza,,Ceará,True,1640518,Eric,eric,D,14,True,2026-04-28T19:58:13.636188Z,,,,,,,,,,,,,,,,,,0.0,,,,,,,,,,,,,,
2026,"Cearense, Serie A, Championship Round",3,15415269,bPsvP,Ceará,Fortaleza,,Ceará,True,2537131,Aloísio Barbosa de Abreu Neto,aloisio-barbosa-de-abreu-neto,D,86,True,2026-04-28T19:58:13.636188Z,,,,,,,,,,,,,,,,,,0.0,,,,,,,,,,,,,,
2026,"Cearense, Serie A, Championship Round",3,15415269,bPsvP,Ceará,Fortaleza,,Ceará,True,1631766,Giulio,giulio-gabriel-da-silva,F,35,True,2026-04-28T19:58:13.636188Z,,,,,,,,,,,,,,,,,,0.0,,,,,,,,,,,,,,
2026,"Cearense, Serie A, Championship Round",3,15415269,bPsvP,Ceará,Fortaleza,,Ceará,True,2118168,João Gabriel,joao-gabriel,M,81,True,2026-04-28T19:58:13.636188Z,,,,,,,,,,,,,,,,,,0.0,,,,,,,,,,,,,,
2026,"Cearense, Serie A, Championship Round",3,15415269,bPsvP,Ceará,Fortaleza,,Ceará,True,1657072,Kauã Ziegler,kaua,F,90,True,2026-04-28T19:58:13.636188Z,,,,,,,,,,,,,,,,,,0.0,,,,,,,,,,,,,,
2026,"Cearense, Serie A, Championship Round",3,15415269,bPsvP,Ceará,Fortaleza,,Fortaleza,False,914481,Brenno,brenno,G,12,False,2026-04-28T19:58:13.636188Z,90.0,6.5,10.0,5.0,8.0,3.0,0.0,3.0,3.0,2.0,7.0,-7.1068128156853,27.602862319042,,0.0,,3.0,0.0,,,,,13.0,5.0,4.0,,0.01,-0.05,0.13,,,
2026,"Cearense, Serie A, Championship Round",3,15415269,bPsvP,Ceará,Fortaleza,,Fortaleza,False,973857,Maílton,mailton,D,22,False,2026-04-28T19:58:13.636188Z,90.0,6.5,37.0,29.0,5.0,3.0,0.0,10.0,11.0,19.0,26.0,63.04402793063,111.85053478768,15.431394266235,1.0,14.872859742526,15.0,1.0,,4.0,3.0,,66.0,23.0,5.0,,0.08,0.08,-0.02,,,
2026,"Cearense, Serie A, Championship Round",3,15415269,bPsvP,Ceará,Fortaleza,,Fortaleza,False,789395,Emanuel Brítez,emanuel-britez,D,2,False,2026-04-28T19:58:13.636188Z,79.0,7.3,30.0,25.0,3.0,1.0,0.0,15.0,15.0,10.0,15.0,22.915925657052,115.9525919442,15.343477083113,1.0,14.842917995086,12.0,1.0,3.0,6.0,1.0,,42.0,5.0,2.0,,0.22,0.05,0.36,,,
2026,"Cearense, Serie A, Championship Round",3,15415269,bPsvP,Ceará,Fortaleza,,Fortaleza,False,1103705,Lucas Gazal,lucas-gazal,D,3,False,2026-04-28T19:58:13.636188Z,90.0,6.9,40.0,33.0,7.0,1.0,0.0,29.0,31.0,4.0,9.0,-15.518620399725,95.585542834986,,0.0,,13.0,0.0,7.0,3.0,,,49.0,8.0,4.0,,0.06,0.04,0.27,,,
2026,"Cearense, Serie A, Championship Round",3,15415269,bPsvP,Ceará,Fortaleza,,Fortaleza,False,849020,Tomás Cardona,tomas-cardona,D,6,False,2026-04-28T19:58:13.636188Z,90.0,7.8,56.0,45.0,8.0,3.0,0.0,23.0,25.0,22.0,31.0,26.474510412656,169.42509485905,,0.0,,22.0,1.0,9.0,11.0,1.0,,72.0,12.0,1.0,,0.29,0.04,0.34,,,
2026,"Cearense, Serie A, Championship Round",3,15415269,bPsvP,Ceará,Fortaleza,,Fortaleza,False,795178,Lucas Crispim,lucas-crispim,D,10,False,2026-04-28T19:58:13.636188Z,87.0,7.1,22.0,18.0,4.0,3.0,0.0,2.0,3.0,16.0,19.0,4.4679446625782,168.2010366164,29.139284840229,1.0,21.365680147749,15.0,0.0,2.0,4.0,1.0,,37.0,7.0,2.0,,0.12,-0.52,0.24,,,
2026,"Cearense, Serie A, Championship Round",3,15415269,bPsvP,Ceará,Fortaleza,,Fortaleza,False,1017710,Pierre,pierre,M,5,False,2026-04-28T19:58:13.636188Z,86.0,7.0,35.0,35.0,,,0.0,10.0,10.0,25.0,25.0,57.569948649644,108.89799370104,14.141879966963,1.0,12.88113531385,11.0,0.0,,4.0,1.0,,41.0,1.0,1.0,,0.21,0.0,0.14,,,
2026,"Cearense, Serie A, Championship Round",3,15415269,bPsvP,Ceará,Fortaleza,,Fortaleza,False,123225,Lucas Sasha,lucas-sasha,M,88,False,2026-04-28T19:58:13.636188Z,90.0,7.1,37.0,36.0,2.0,1.0,0.0,19.0,19.0,17.0,18.0,59.246560234061,91.120753831766,13.547995017714,1.0,9.518202722156,10.0,2.0,1.0,7.0,3.0,,62.0,6.0,2.0,,0.08,0.14,-0.02,,,
2026,"Cearense, Serie A, Championship Round",3,15415269,bPsvP,Ceará,Fortaleza,,Fortaleza,False,1173040,Rodrigo Santos,rodrigo-santos,M,29,False,2026-04-28T19:58:13.636188Z,69.0,6.8,13.0,12.0,,,0.0,5.0,5.0,7.0,8.0,-10.902821919021,50.182668605843,,0.0,,4.0,0.0,,6.0,3.0,,24.0,6.0,4.0,,0.15,-0.12,-0.09,,,
2026,"Cearense, Serie A, Championship Round",3,15415269,bPsvP,Ceará,Fortaleza,,Fortaleza,False,824626,Tomás Pochettino,tomas-pochettino,F,7,False,2026-04-28T19:58:13.636188Z,79.0,6.6,10.0,9.0,,,0.0,1.0,1.0,8.0,9.0,4.1477580319265,56.159274069392,,0.0,,8.0,0.0,1.0,3.0,1.0,,27.0,9.0,1.0,,0.07,-0.08,0.16,,,
2026,"Cearense, Serie A, Championship Round",3,15415269,bPsvP,Ceará,Fortaleza,,Fortaleza,False,871580,Adam Bareiro,adam-bareiro,F,9,False,2026-04-28T19:58:13.636188Z,90.0,6.1,28.0,19.0,,,0.0,7.0,9.0,12.0,19.0,-24.463188609608,51.409425000908,,0.0,,8.0,0.0,1.0,6.0,3.0,,38.0,11.0,1.0,,-0.3,-0.3,-0.09,,,
2026,"Cearense, Serie A, Championship Round",3,15415269,bPsvP,Ceará,Fortaleza,,Fortaleza,False,1066721,Vitinho,vitinho,F,11,True,2026-04-28T19:58:13.636188Z,21.0,6.3,8.0,6.0,,,0.0,4.0,4.0,2.0,4.0,31.924966609905,35.7510599703,35.7510599703,1.0,31.924966609905,1.0,0.0,,,,,10.0,4.0,1.0,,-0.13,0.09,0.16,,,
2026,"Cearense, Serie A, Championship Round",3,15415269,bPsvP,Ceará,Fortaleza,,Fortaleza,False,986064,Luan Freitas,luan-freitas,D,4,True,2026-04-28T19:58:13.636188Z,11.0,6.7,9.0,9.0,,,0.0,7.0,7.0,2.0,2.0,13.668011744699,30.951599814779,,0.0,,6.0,0.0,,,,,9.0,,2.0,,0.02,0.02,0.13,,,
2026,"Cearense, Serie A, Championship Round",3,15415269,bPsvP,Ceará,Fortaleza,,Fortaleza,False,1652917,Guilherme Moura,da-fonseca-guilherme-moura,D,36,True,2026-04-28T19:58:13.636188Z,11.0,6.7,1.0,1.0,,,0.0,,,1.0,1.0,8.1533957244142,23.045660680585,,0.0,,2.0,0.0,,2.0,,,7.0,2.0,,,,,,,,
2026,"Cearense, Serie A, Championship Round",3,15415269,bPsvP,Ceará,Fortaleza,,Fortaleza,False,1587711,Ronald,ronald,M,8,True,2026-04-28T19:58:13.636188Z,9.0,6.6,2.0,2.0,,,0.0,2.0,2.0,,,5.5754888268845,6.492340179011,,0.0,,1.0,0.0,,,,,2.0,,,,0.0,0.0,0.13,,,
2026,"Cearense, Serie A, Championship Round",3,15415269,bPsvP,Ceará,Fortaleza,,Fortaleza,False,1631235,Lucca Prior,lucca-prior,M,38,True,2026-04-28T19:58:13.636188Z,8.0,6.7,7.0,4.0,1.0,1.0,0.0,3.0,4.0,1.0,3.0,15.182355214233,36.925372014377,23.481589064627,1.0,23.240569058991,2.0,0.0,,1.0,,,8.0,3.0,,,0.04,0.07,-0.01,,,
2026,"Cearense, Serie A, Championship Round",3,15415269,bPsvP,Ceará,Fortaleza,,Fortaleza,False,559582,Vinicius Silvestre,vinicius-silvestre,G,25,True,2026-04-28T19:58:13.636188Z,,,,,,,,,,,,,,,,,,0.0,,,,,,,,,,,,,,
2026,"Cearense, Serie A, Championship Round",3,15415269,bPsvP,Ceará,Fortaleza,,Fortaleza,False,1464309,Paulinho,paulinho,D,28,True,2026-04-28T19:58:13.636188Z,,,,,,,,,,,,,,,,,,0.0,,,,,,,,,,,,,,
2026,"Cearense, Serie A, Championship Round",3,15415269,bPsvP,Ceará,Fortaleza,,Fortaleza,False,1868762,Kauã Rocha,victor-kaua-guimaraes-rocha,D,33,True,2026-04-28T19:58:13.636188Z,,,,,,,,,,,,,,,,,,0.0,,,,,,,,,,,,,,
2026,"Cearense, Serie A, Championship Round",3,15415269,bPsvP,Ceará,Fortaleza,,Fortaleza,False,842682,Matheus Rossetto,matheus-rossetto,M,20,True,2026-04-28T19:58:13.636188Z,,,,,,,,,,,,,,,,,,0.0,,,,,,,,,,,,,,
2026,"Cearense, Serie A, Championship Round",3,15415269,bPsvP,Ceará,Fortaleza,,Fortaleza,False,2104054,Bruninho,bruninho,M,35,True,2026-04-28T19:58:13.636188Z,,,,,,,,,,,,,,,,,,0.0,,,,,,,,,,,,,,
2026,"Cearense, Serie A, Championship Round",3,15415269,bPsvP,Ceará,Fortaleza,,Fortaleza,False,2104437,Lucas Emanoel,lucas-emanoel,M,19,True,2026-04-28T19:58:13.636188Z,,,,,,,,,,,,,,,,,,0.0,,,,,,,,,,,,,,
2026,"Cearense, Serie A, Championship Round",3,15415269,bPsvP,Ceará,Fortaleza,,Fortaleza,False,1631272,Kayke,kayke,F,99,True,2026-04-28T19:58:13.636188Z,,,,,,,,,,,,,,,,,,0.0,,,,,,,,,,,,,,
2026,"Cearense, Serie A, Playoffs",28,15512878,vPsxdn,Ferroviário,Fortaleza,,Ferroviário,True,1090714,Sivaldo Junior,sivaldo-junior,G,93,False,2026-04-28T19:58:31.151088Z,90.0,6.2,26.0,16.0,14.0,5.0,0.0,13.0,14.0,3.0,12.0,-3.8051396221752,34.878155727971,,0.0,,5.0,0.0,4.0,1.0,,3.0,38.0,11.0,4.0,,-0.02,-0.06,0.33,-0.27,0.2062,
2026,"Cearense, Serie A, Playoffs",28,15512878,vPsxdn,Ferroviário,Fortaleza,,Ferroviário,True,1113558,Artur Lopes Ramires,ramires,D,2,False,2026-04-28T19:58:31.151088Z,73.0,6.5,46.0,36.0,5.0,2.0,0.0,17.0,20.0,19.0,26.0,20.780914779081,75.181282817139,,0.0,,14.0,2.0,,5.0,1.0,,75.0,16.0,3.0,,0.14,0.05,-0.38,,,
2026,"Cearense, Serie A, Playoffs",28,15512878,vPsxdn,Ferroviário,Fortaleza,,Ferroviário,True,1472070,Leo Paraíso,leo-paraiso,D,3,False,2026-04-28T19:58:31.151088Z,90.0,6.2,52.0,49.0,4.0,3.0,0.0,35.0,37.0,14.0,15.0,36.603471345104,91.598974378253,,0.0,,18.0,0.0,2.0,1.0,,,60.0,4.0,,,0.02,0.05,-0.22,,,
2026,"Cearense, Serie A, Playoffs",28,15512878,vPsxdn,Ferroviário,Fortaleza,,Ferroviário,True,1394247,Iago Reis,iago-reis,D,4,False,2026-04-28T19:58:31.151088Z,90.0,6.1,54.0,49.0,6.0,4.0,0.0,34.0,35.0,15.0,19.0,61.999286228197,214.00139713918,,0.0,,31.0,0.0,4.0,5.0,3.0,,64.0,5.0,3.0,,0.07,0.16,-0.38,,,
2026,"Cearense, Serie A, Playoffs",28,15512878,vPsxdn,Ferroviário,Fortaleza,,Ferroviário,True,1468135,Pedrinho,pedrinho,D,6,False,2026-04-28T19:58:31.151088Z,84.0,6.4,44.0,36.0,4.0,3.0,0.0,19.0,22.0,17.0,22.0,58.421376915361,216.49451537232,,0.0,,27.0,1.0,2.0,5.0,3.0,,75.0,18.0,10.0,,0.04,0.16,-0.26,,,
2026,"Cearense, Serie A, Playoffs",28,15512878,vPsxdn,Ferroviário,Fortaleza,,Ferroviário,True,1634421,João Neto,joao-neto,M,15,False,2026-04-28T19:58:31.151088Z,73.0,6.6,43.0,32.0,4.0,2.0,0.0,17.0,18.0,15.0,25.0,-2.9644897472932,65.380041052157,9.6668671760814,1.0,9.6438079763636,11.0,1.0,,4.0,,,50.0,12.0,3.0,,0.04,0.05,-0.17,,,
2026,"Cearense, Serie A, Playoffs",28,15512878,vPsxdn,Ferroviário,Fortaleza,,Ferroviário,True,972823,Yair Mena,yair-mena,M,16,False,2026-04-28T19:58:31.151088Z,90.0,6.9,19.0,15.0,,,0.0,3.0,4.0,12.0,15.0,50.295287080816,96.05806704436,13.883505645189,1.0,11.503020272352,15.0,1.0,1.0,13.0,7.0,,53.0,20.0,2.0,,0.38,0.26,-0.09,,,
2026,"Cearense, Serie A, Playoffs",28,15512878,vPsxdn,Ferroviário,Fortaleza,,Ferroviário,True,1872230,Luan,francisco-luan-dos-santos-clementino,M,5,False,2026-04-28T19:58:31.151088Z,73.0,6.3,19.0,16.0,,,0.0,8.0,8.0,8.0,11.0,1.115093345051,79.740348589149,,0.0,,11.0,0.0,,2.0,1.0,,27.0,7.0,4.0,,0.23,-0.17,0.19,,,
2026,"Cearense, Serie A, Playoffs",28,15512878,vPsxdn,Ferroviário,Fortaleza,,Ferroviário,True,1471220,Brayan,brayan,M,19,False,2026-04-28T19:58:31.151088Z,90.0,5.9,23.0,20.0,1.0,,0.0,6.0,6.0,14.0,17.0,45.332873437013,78.803177985446,,0.0,,12.0,0.0,,5.0,2.0,,35.0,8.0,2.0,,0.02,0.11,-0.13,,,
2026,"Cearense, Serie A, Playoffs",28,15512878,vPsxdn,Ferroviário,Fortaleza,,Ferroviário,True,1104077,Kiuan,kiuan-gabriel,M,17,False,2026-04-28T19:58:31.151088Z,63.0,6.4,14.0,12.0,,,0.0,2.0,3.0,10.0,11.0,73.063158906632,175.13857820444,49.442002947796,2.0,21.110557010153,15.0,1.0,,3.0,2.0,,32.0,11.0,3.0,,0.0,0.06,-0.17,,,
2026,"Cearense, Serie A, Playoffs",28,15512878,vPsxdn,Ferroviário,Fortaleza,,Ferroviário,True,981752,Jefinho,jefinho,F,9,False,2026-04-28T19:58:31.151088Z,90.0,6.0,18.0,12.0,,,0.0,4.0,4.0,8.0,14.0,10.588149837162,12.401910367387,,0.0,,3.0,2.0,,6.0,,,30.0,10.0,,,-0.01,0.05,-0.03,,,
2026,"Cearense, Serie A, Playoffs",28,15512878,vPsxdn,Ferroviário,Fortaleza,,Ferroviário,True,1018772,Carlinhos,carlinhos,F,7,True,2026-04-28T19:58:31.151088Z,27.0,6.8,11.0,9.0,1.0,1.0,0.0,,1.0,9.0,10.0,5.6894906693988,33.478368266271,,0.0,,5.0,0.0,,4.0,1.0,,20.0,3.0,,,0.16,0.01,-0.01,,,
2026,"Cearense, Serie A, Playoffs",28,15512878,vPsxdn,Ferroviário,Fortaleza,,Ferroviário,True,1644736,Victor Diotti,victor-diotti,M,12,True,2026-04-28T19:58:31.151088Z,17.0,6.7,12.0,11.0,,,0.0,1.0,1.0,10.0,11.0,7.6651065697112,33.408842064292,,0.0,,4.0,0.0,,1.0,,,16.0,3.0,1.0,,0.05,0.3,,,,
2026,"Cearense, Serie A, Playoffs",28,15512878,vPsxdn,Ferroviário,Fortaleza,,Ferroviário,True,1634678,Fernando Portel,fernando-portel,M,26,True,2026-04-28T19:58:31.151088Z,17.0,6.7,13.0,13.0,3.0,3.0,0.0,2.0,2.0,11.0,11.0,4.8710904219257,7.0928389045019,,0.0,,2.0,0.0,,1.0,1.0,,14.0,,,,0.03,0.0,0.13,,,
2026,"Cearense, Serie A, Playoffs",28,15512878,vPsxdn,Ferroviário,Fortaleza,,Ferroviário,True,1492325,Felipe Sales,felipe-sales,F,11,True,2026-04-28T19:58:31.151088Z,17.0,6.8,15.0,12.0,,,0.0,1.0,1.0,11.0,14.0,7.184382049502,34.617887704924,7.6101527579938,1.0,6.583263244106,6.0,0.0,,2.0,1.0,,18.0,5.0,2.0,,0.3,0.06,-0.01,,,
2026,"Cearense, Serie A, Playoffs",28,15512878,vPsxdn,Ferroviário,Fortaleza,,Ferroviário,True,1047812,Pablo Maldini,pablo-maldini,D,13,True,2026-04-28T19:58:31.151088Z,12.0,6.7,8.0,6.0,1.0,,0.0,2.0,2.0,4.0,6.0,-1.3539262315618,40.03977545327,,0.0,,6.0,0.0,,,,,11.0,3.0,1.0,,0.05,0.04,0.13,,,
2026,"Cearense, Serie A, Playoffs",28,15512878,vPsxdn,Ferroviário,Fortaleza,,Ferroviário,True,243193,Victor Brasil,victor-brasil,G,33,True,2026-04-28T19:58:31.151088Z,,,,,,,,,,,,,,,,,,0.0,,,,,,,,,,,,,,
2026,"Cearense, Serie A, Playoffs",28,15512878,vPsxdn,Ferroviário,Fortaleza,,Ferroviário,True,1173060,Bruno Miranda,bruno-miranda,D,14,True,2026-04-28T19:58:31.151088Z,,,,,,,,,,,,,,,,,,0.0,,,,,,,,,,,,,,
2026,"Cearense, Serie A, Playoffs",28,15512878,vPsxdn,Ferroviário,Fortaleza,,Ferroviário,True,1016676,Camilo,alex-camilo,F,18,True,2026-04-28T19:58:31.151088Z,,,,,,,,,,,,,,,,,,0.0,,,,,,,,,,,,,,
2026,"Cearense, Serie A, Playoffs",28,15512878,vPsxdn,Ferroviário,Fortaleza,,Ferroviário,True,2139060,Paulo Ricardo,paulo-ricardo,F,21,True,2026-04-28T19:58:31.151088Z,,,,,,,,,,,,,,,,,,0.0,,,,,,,,,,,,,,
2026,"Cearense, Serie A, Playoffs",28,15512878,vPsxdn,Ferroviário,Fortaleza,,Fortaleza,False,914481,Brenno,brenno,G,12,False,2026-04-28T19:58:31.151088Z,90.0,6.8,18.0,14.0,6.0,2.0,0.0,14.0,15.0,,3.0,6.7852280066994,29.387815916404,,0.0,,4.0,0.0,,,,4.0,26.0,4.0,5.0,,0.04,0.0,0.15,0.05,0.0421,
2026,"Cearense, Serie A, Playoffs",28,15512878,vPsxdn,Ferroviário,Fortaleza,,Fortaleza,False,986064,Luan Freitas,luan-freitas,D,4,False,2026-04-28T19:58:31.151088Z,45.0,6.8,28.0,26.0,1.0,,0.0,18.0,19.0,8.0,9.0,39.373760654379,99.058626078602,,0.0,,10.0,0.0,1.0,1.0,,,33.0,2.0,1.0,,0.06,0.08,0.18,,,
2026,"Cearense, Serie A, Playoffs",28,15512878,vPsxdn,Ferroviário,Fortaleza,,Fortaleza,False,1103705,Lucas Gazal,lucas-gazal,D,3,False,2026-04-28T19:58:31.151088Z,90.0,7.5,50.0,33.0,15.0,5.0,0.0,25.0,28.0,8.0,22.0,27.339685628307,64.418941773892,,0.0,,8.0,0.0,6.0,7.0,,,66.0,18.0,1.0,,0.04,0.02,0.19,,,
2026,"Cearense, Serie A, Playoffs",28,15512878,vPsxdn,Ferroviário,Fortaleza,,Fortaleza,False,849020,Tomás Cardona,tomas-cardona,D,6,False,2026-04-28T19:58:31.151088Z,90.0,7.7,48.0,33.0,18.0,7.0,0.0,25.0,27.0,8.0,21.0,42.398469269023,95.97320574657,,0.0,,16.0,0.0,7.0,11.0,1.0,,66.0,16.0,,,0.3,0.05,0.5,,,
2026,"Cearense, Serie A, Playoffs",28,15512878,vPsxdn,Ferroviário,Fortaleza,,Fortaleza,False,973857,Maílton,mailton,M,22,False,2026-04-28T19:58:31.151088Z,90.0,8.6,38.0,29.0,10.0,6.0,1.0,15.0,18.0,14.0,20.0,36.454090812416,70.246974637591,,0.0,,11.0,1.0,1.0,11.0,3.0,,69.0,17.0,4.0,,1.0,0.11,-0.02,,,
2026,"Cearense, Serie A, Playoffs",28,15512878,vPsxdn,Ferroviário,Fortaleza,,Fortaleza,False,123225,Lucas Sasha,lucas-sasha,M,88,False,2026-04-28T19:58:31.151088Z,90.0,7.1,34.0,30.0,3.0,1.0,1.0,12.0,13.0,18.0,21.0,27.348272876641,63.846508258857,22.736048997132,1.0,22.198614920066,9.0,0.0,1.0,7.0,5.0,,50.0,5.0,7.0,,0.36,0.06,-0.19,,,
2026,"Cearense, Serie A, Playoffs",28,15512878,vPsxdn,Ferroviário,Fortaleza,,Fortaleza,False,1017710,Pierre,pierre,M,5,False,2026-04-28T19:58:31.151088Z,80.0,6.9,21.0,20.0,2.0,2.0,0.0,11.0,11.0,9.0,10.0,-5.5358298816265,14.23800129934,,0.0,,1.0,0.0,,4.0,1.0,,27.0,3.0,3.0,,0.03,-0.05,0.18,,,
2026,"Cearense, Serie A, Playoffs",28,15512878,vPsxdn,Ferroviário,Fortaleza,,Fortaleza,False,795178,Lucas Crispim,lucas-crispim,M,10,False,2026-04-28T19:58:31.151088Z,71.0,6.7,15.0,11.0,5.0,2.0,0.0,4.0,5.0,7.0,10.0,15.033237722883,36.676702962441,18.647838507452,1.0,17.175584065548,3.0,1.0,2.0,2.0,1.0,,30.0,8.0,2.0,,0.05,-0.02,-0.04,,,
2026,"Cearense, Serie A, Playoffs",28,15512878,vPsxdn,Ferroviário,Fortaleza,,Fortaleza,False,824626,Tomás Pochettino,tomas-pochettino,F,7,False,2026-04-28T19:58:31.151088Z,45.0,6.4,8.0,4.0,1.0,1.0,0.0,1.0,1.0,3.0,7.0,28.411348812884,58.344441071238,,0.0,,4.0,0.0,,2.0,,,17.0,10.0,1.0,,-0.43,0.22,0.13,,,
2026,"Cearense, Serie A, Playoffs",28,15512878,vPsxdn,Ferroviário,Fortaleza,,Fortaleza,False,871580,Adam Bareiro,adam-bareiro,F,9,False,2026-04-28T19:58:31.151088Z,90.0,7.3,15.0,14.0,1.0,1.0,0.0,4.0,4.0,10.0,11.0,-0.6944576136517,29.247708703957,,0.0,,6.0,6.0,,7.0,3.0,,30.0,6.0,1.0,,-0.35,0.27,-0.1,,,
2026,"Cearense, Serie A, Playoffs",28,15512878,vPsxdn,Ferroviário,Fortaleza,,Fortaleza,False,874143,Luiz Fernando,luiz-fernando,F,32,False,2026-04-28T19:58:31.151088Z,80.0,6.8,19.0,14.0,2.0,2.0,0.0,9.0,11.0,5.0,8.0,8.8502092670163,115.42373412634,7.9910472405061,1.0,7.9178644651308,16.0,1.0,2.0,4.0,2.0,,37.0,10.0,8.0,,0.1,0.27,0.19,,,
2026,"Cearense, Serie A, Playoffs",28,15512878,vPsxdn,Ferroviário,Fortaleza,,Fortaleza,False,927551,Gabriel Fuentes,gabriel-fuentes,D,18,True,2026-04-28T19:58:31.151088Z,45.0,7.0,15.0,14.0,2.0,1.0,0.0,12.0,12.0,2.0,3.0,14.638612576343,25.10156375457,,0.0,,3.0,0.0,1.0,5.0,3.0,,26.0,2.0,5.0,,0.05,0.0,0.2,,,
2026,"Cearense, Serie A, Playoffs",28,15512878,vPsxdn,Ferroviário,Fortaleza,,Fortaleza,False,1066721,Vitinho,vitinho,F,11,True,2026-04-28T19:58:31.151088Z,45.0,7.3,11.0,9.0,1.0,1.0,0.0,4.0,5.0,5.0,6.0,8.292405006416,94.309886597577,13.009512865592,1.0,12.935210281996,6.0,2.0,,1.0,,,22.0,6.0,1.0,,0.09,0.14,-0.04,,,
2026,"Cearense, Serie A, Playoffs",28,15512878,vPsxdn,Ferroviário,Fortaleza,,Fortaleza,False,1174770,Rodriguinho,rodriguinho,M,75,True,2026-04-28T19:58:31.151088Z,19.0,6.4,6.0,6.0,,,0.0,4.0,4.0,2.0,2.0,12.841793655971,16.283343743149,,0.0,,2.0,0.0,,1.0,,,9.0,2.0,,,0.0,0.08,-0.05,,,
2026,"Cearense, Serie A, Playoffs",28,15512878,vPsxdn,Ferroviário,Fortaleza,,Fortaleza,False,1587711,Ronald,ronald,M,8,True,2026-04-28T19:58:31.151088Z,10.0,6.9,5.0,4.0,,,0.0,2.0,3.0,2.0,2.0,,,,,,,0.0,1.0,1.0,,,6.0,1.0,1.0,,0.04,,0.28,,,
2026,"Cearense, Serie A, Playoffs",28,15512878,vPsxdn,Ferroviário,Fortaleza,,Fortaleza,False,1631235,Lucca Prior,lucca-prior,M,38,True,2026-04-28T19:58:31.151088Z,10.0,6.4,6.0,4.0,,,0.0,2.0,3.0,2.0,3.0,3.9331387835679,35.926710062835,,0.0,,4.0,0.0,,1.0,1.0,,12.0,5.0,1.0,,-0.16,0.03,-0.05,,,
2026,"Cearense, Serie A, Playoffs",28,15512878,vPsxdn,Ferroviário,Fortaleza,,Fortaleza,False,559582,Vinicius Silvestre,vinicius-silvestre,G,25,True,2026-04-28T19:58:31.151088Z,,,,,,,,,,,,,,,,,,0.0,,,,,,,,,,,,,,
2026,"Cearense, Serie A, Playoffs",28,15512878,vPsxdn,Ferroviário,Fortaleza,,Fortaleza,False,1652917,Guilherme Moura,da-fonseca-guilherme-moura,D,36,True,2026-04-28T19:58:31.151088Z,,,,,,,,,,,,,,,,,,0.0,,,,,,,,,,,,,,
2026,"Cearense, Serie A, Playoffs",28,15512878,vPsxdn,Ferroviário,Fortaleza,,Fortaleza,False,1868762,Kauã Rocha,victor-kaua-guimaraes-rocha,D,33,True,2026-04-28T19:58:31.151088Z,,,,,,,,,,,,,,,,,,0.0,,,,,,,,,,,,,,
2026,"Cearense, Serie A, Playoffs",28,15512878,vPsxdn,Ferroviário,Fortaleza,,Fortaleza,False,1173040,Rodrigo Santos,rodrigo-santos,M,29,True,2026-04-28T19:58:31.151088Z,,,,,,,,,,,,,,,,,,0.0,,,,,,,,,,,,,,
2026,"Cearense, Serie A, Playoffs",28,15512878,vPsxdn,Ferroviário,Fortaleza,,Fortaleza,False,2104437,Lucas Emanoel,lucas-emanoel,M,19,True,2026-04-28T19:58:31.151088Z,,,,,,,,,,,,,,,,,,0.0,,,,,,,,,,,,,,
2026,"Cearense, Serie A, Playoffs",28,15512878,vPsxdn,Ferroviário,Fortaleza,,Fortaleza,False,2104054,Bruninho,bruninho,M,35,True,2026-04-28T19:58:31.151088Z,,,,,,,,,,,,,,,,,,0.0,,,,,,,,,,,,,,
2026,"Cearense, Serie A, Playoffs",28,15512878,vPsxdn,Ferroviário,Fortaleza,,Fortaleza,False,1444693,Gabriel Souza,gabriel-souza-gb,F,21,True,2026-04-28T19:58:31.151088Z,,,,,,,,,,,,,,,,,,0.0,,,,,,,,,,,,,,
2026,Copa Betano do Brasil,2,15592345,vPsXMHd,Fortaleza,Maguary,,Fortaleza,True,914481,Brenno,brenno,G,12,False,2026-04-28T19:59:19.352827Z,90.0,,,,,,,,,,,,,,,,,0.0,,,,,,,,,,,,,,
2026,Copa Betano do Brasil,2,15592345,vPsXMHd,Fortaleza,Maguary,,Fortaleza,True,973857,Maílton,mailton,D,22,False,2026-04-28T19:59:19.352827Z,90.0,,,,,,,,,,,,,,,,,0.0,,,,,,,,,,,,,,
2026,Copa Betano do Brasil,2,15592345,vPsXMHd,Fortaleza,Maguary,,Fortaleza,True,1103705,Lucas Gazal,lucas-gazal,D,3,False,2026-04-28T19:59:19.352827Z,90.0,,,,,,,,,,,,,,,,,0.0,,,,,,,,,,,,,,
2026,Copa Betano do Brasil,2,15592345,vPsXMHd,Fortaleza,Maguary,,Fortaleza,True,849020,Tomás Cardona,tomas-cardona,D,6,False,2026-04-28T19:59:19.352827Z,90.0,,,,,,,,,,,,,,,,,0.0,,,,,,,,,,,,,,
2026,Copa Betano do Brasil,2,15592345,vPsXMHd,Fortaleza,Maguary,,Fortaleza,True,927551,Gabriel Fuentes,gabriel-fuentes,D,18,False,2026-04-28T19:59:19.352827Z,90.0,,,,,,,,,,,,,,,,,0.0,,,,,,,,,,,,,,
2026,Copa Betano do Brasil,2,15592345,vPsXMHd,Fortaleza,Maguary,,Fortaleza,True,1017710,Pierre,pierre,M,5,False,2026-04-28T19:59:19.352827Z,70.0,,,,,,,,,,,,,,,,,0.0,,,,,,,,,,,,,,
2026,Copa Betano do Brasil,2,15592345,vPsXMHd,Fortaleza,Maguary,,Fortaleza,True,123225,Lucas Sasha,lucas-sasha,M,88,False,2026-04-28T19:59:19.352827Z,90.0,,,,,,,,,,,,,,,,,0.0,,,,,,,,,,,,,,
2026,Copa Betano do Brasil,2,15592345,vPsXMHd,Fortaleza,Maguary,,Fortaleza,True,795178,Lucas Crispim,lucas-crispim,M,10,False,2026-04-28T19:59:19.352827Z,61.0,,,,,,,,,,,,,,,,,0.0,,,,,,,,,,,,,,
2026,Copa Betano do Brasil,2,15592345,vPsXMHd,Fortaleza,Maguary,,Fortaleza,True,824626,Tomás Pochettino,tomas-pochettino,M,7,False,2026-04-28T19:59:19.352827Z,70.0,,,,,,,,,,,,,,,,,0.0,,,,,,,,,,,,,,
2026,Copa Betano do Brasil,2,15592345,vPsXMHd,Fortaleza,Maguary,,Fortaleza,True,874143,Luiz Fernando,luiz-fernando,M,32,False,2026-04-28T19:59:19.352827Z,90.0,,,,,,,,,,,,,,,,,0.0,,,,,,,,,,,,,,
2026,Copa Betano do Brasil,2,15592345,vPsXMHd,Fortaleza,Maguary,,Fortaleza,True,1444693,Gabriel Souza,gabriel-souza-gb,F,21,False,2026-04-28T19:59:19.352827Z,46.0,,,,,,,,,,,,,,,,,0.0,,,,,,,,,,,,,,
2026,Copa Betano do Brasil,2,15592345,vPsXMHd,Fortaleza,Maguary,,Fortaleza,True,1066721,Vitinho,vitinho,F,11,True,2026-04-28T19:59:19.352827Z,44.0,,,,,,,,,,,,,,,,,0.0,,,,,,,,,,,,,,
2026,Copa Betano do Brasil,2,15592345,vPsXMHd,Fortaleza,Maguary,,Fortaleza,True,2104437,Lucas Emanoel,lucas-emanoel,M,19,True,2026-04-28T19:59:19.352827Z,29.0,,,,,,,,,,,,,,,,,0.0,,,,,,,,,,,,,,
2026,Copa Betano do Brasil,2,15592345,vPsXMHd,Fortaleza,Maguary,,Fortaleza,True,1173040,Rodrigo Santos,rodrigo-santos,M,29,True,2026-04-28T19:59:19.352827Z,20.0,,,,,,,,,,,,,,,,,0.0,,,,,,,,,,,,,,
2026,Copa Betano do Brasil,2,15592345,vPsXMHd,Fortaleza,Maguary,,Fortaleza,True,1631235,Lucca Prior,lucca-prior,M,38,True,2026-04-28T19:59:19.352827Z,20.0,,,,,,,,,,,,,,,,,0.0,,,,,,,,,,,,,,
2026,Copa Betano do Brasil,2,15592345,vPsXMHd,Fortaleza,Maguary,,Fortaleza,True,559582,Vinicius Silvestre,vinicius-silvestre,G,25,True,2026-04-28T19:59:19.352827Z,,,,,,,,,,,,,,,,,,,,,,,,,,,,,,,,
2026,Copa Betano do Brasil,2,15592345,vPsXMHd,Fortaleza,Maguary,,Fortaleza,True,789395,Emanuel Brítez,emanuel-britez,D,2,True,2026-04-28T19:59:19.352827Z,,,,,,,,,,,,,,,,,,,,,,,,,,,,,,,,
2026,Copa Betano do Brasil,2,15592345,vPsXMHd,Fortaleza,Maguary,,Fortaleza,True,986064,Luan Freitas,luan-freitas,D,4,True,2026-04-28T19:59:19.352827Z,,,,,,,,,,,,,,,,,,,,,,,,,,,,,,,,
2026,Copa Betano do Brasil,2,15592345,vPsXMHd,Fortaleza,Maguary,,Fortaleza,True,1652917,Guilherme Moura,da-fonseca-guilherme-moura,D,36,True,2026-04-28T19:59:19.352827Z,,,,,,,,,,,,,,,,,,,,,,,,,,,,,,,,
2026,Copa Betano do Brasil,2,15592345,vPsXMHd,Fortaleza,Maguary,,Fortaleza,True,1976561,João Lucas,joao-lucas-silva-coelho,D,43,True,2026-04-28T19:59:19.352827Z,,,,,,,,,,,,,,,,,,,,,,,,,,,,,,,,
2026,Copa Betano do Brasil,2,15592345,vPsXMHd,Fortaleza,Maguary,,Fortaleza,True,1587711,Ronald,ronald,M,8,True,2026-04-28T19:59:19.352827Z,,,,,,,,,,,,,,,,,,,,,,,,,,,,,,,,
2026,Copa Betano do Brasil,2,15592345,vPsXMHd,Fortaleza,Maguary,,Fortaleza,True,2104054,Bruninho,bruninho,M,35,True,2026-04-28T19:59:19.352827Z,,,,,,,,,,,,,,,,,,,,,,,,,,,,,,,,
2026,Copa Betano do Brasil,2,15592345,vPsXMHd,Fortaleza,Maguary,,Fortaleza,True,1174770,Rodriguinho,rodriguinho,M,75,True,2026-04-28T19:59:19.352827Z,,,,,,,,,,,,,,,,,,,,,,,,,,,,,,,,
2026,Copa Betano do Brasil,2,15592345,vPsXMHd,Fortaleza,Maguary,,Maguary,False,1397272,Bruno Lopes,bruno-lopes,G,12,False,2026-04-28T19:59:19.352827Z,90.0,,,,,,,,,,,,,,,,,0.0,,,,,,,,,,,,,,
2026,Copa Betano do Brasil,2,15592345,vPsXMHd,Fortaleza,Maguary,,Maguary,False,1637278,Rychelmy Rocha,rychelmy-rocha,D,6,False,2026-04-28T19:59:19.352827Z,90.0,,,,,,,,,,,,,,,,,0.0,,,,,,,,,,,,,,
2026,Copa Betano do Brasil,2,15592345,vPsXMHd,Fortaleza,Maguary,,Maguary,False,1177083,Eduardo Guedes,eduardo-guedes,D,4,False,2026-04-28T19:59:19.352827Z,90.0,,,,,,,,,,,,,,,,,0.0,,,,,,,,,,,,,,
2026,Copa Betano do Brasil,2,15592345,vPsXMHd,Fortaleza,Maguary,,Maguary,False,1128822,Mauricio Pinto,mauricio-pinto,D,3,False,2026-04-28T19:59:19.352827Z,90.0,,,,,,,,,,,,,,,,,0.0,,,,,,,,,,,,,,
2026,Copa Betano do Brasil,2,15592345,vPsXMHd,Fortaleza,Maguary,,Maguary,False,1640517,Eduardo Ribeiro,eduardo-ribeiro,D,2,False,2026-04-28T19:59:19.352827Z,90.0,,,,,,,,,,,,,,,,,0.0,,,,,,,,,,,,,,
2026,Copa Betano do Brasil,2,15592345,vPsXMHd,Fortaleza,Maguary,,Maguary,False,1523834,Marcos Andre,marcos-andre,M,28,False,2026-04-28T19:59:19.352827Z,90.0,,,,,,,,,,,,,,,,,0.0,,,,,,,,,,,,,,
2026,Copa Betano do Brasil,2,15592345,vPsXMHd,Fortaleza,Maguary,,Maguary,False,1105322,Julio Cesar,julio-cesar,M,10,False,2026-04-28T19:59:19.352827Z,70.0,,,,,,,,,,,,,,,,,0.0,,,,,,,,,,,,,,
2026,Copa Betano do Brasil,2,15592345,vPsXMHd,Fortaleza,Maguary,,Maguary,False,1048028,Italo,italo,M,8,False,2026-04-28T19:59:19.352827Z,90.0,,,,,,,,,,,,,,,,,0.0,,,,,,,,,,,,,,
2026,Copa Betano do Brasil,2,15592345,vPsXMHd,Fortaleza,Maguary,,Maguary,False,1638637,Iago Felipe Pereira,iago-felipe-pereira,M,18,False,2026-04-28T19:59:19.352827Z,59.0,,,,,,,,,,,,,,,,,0.0,,,,,,,,,,,,,,
2026,Copa Betano do Brasil,2,15592345,vPsXMHd,Fortaleza,Maguary,,Maguary,False,1462413,Matias Verdun,verdun-matias,F,11,False,2026-04-28T19:59:19.352827Z,46.0,,,,,,,,,,,,,,,,,0.0,,,,,,,,,,,,,,
2026,Copa Betano do Brasil,2,15592345,vPsXMHd,Fortaleza,Maguary,,Maguary,False,1476377,Vinicius Kanu,vinicius-kanu,F,29,False,2026-04-28T19:59:19.352827Z,62.0,,,,,,,,,,,,,,,,,0.0,,,,,,,,,,,,,,
2026,Copa Betano do Brasil,2,15592345,vPsXMHd,Fortaleza,Maguary,,Maguary,False,1461985,Histone,histone,M,25,True,2026-04-28T19:59:19.352827Z,44.0,,,,,,,,,,,,,,,,,0.0,,,,,,,,,,,,,,
2026,Copa Betano do Brasil,2,15592345,vPsXMHd,Fortaleza,Maguary,,Maguary,False,1481462,Jalysson,jalysson,M,5,True,2026-04-28T19:59:19.352827Z,31.0,,,,,,,,,,,,,,,,,0.0,,,,,,,,,,,,,,
2026,Copa Betano do Brasil,2,15592345,vPsXMHd,Fortaleza,Maguary,,Maguary,False,2439224,Chico,chico,,17,True,2026-04-28T19:59:19.352827Z,28.0,,,,,,,,,,,,,,,,,0.0,,,,,,,,,,,,,,
2026,Copa Betano do Brasil,2,15592345,vPsXMHd,Fortaleza,Maguary,,Maguary,False,1929968,Nathan Silva,nathan-silva,D,14,True,2026-04-28T19:59:19.352827Z,20.0,,,,,,,,,,,,,,,,,0.0,,,,,,,,,,,,,,
2026,Copa Betano do Brasil,2,15592345,vPsXMHd,Fortaleza,Maguary,,Maguary,False,1633504,Davi Medeiros Serrano Lira,davi-medeiros-serrano-lira,G,1,True,2026-04-28T19:59:19.352827Z,,,,,,,,,,,,,,,,,,,,,,,,,,,,,,,,
2026,Copa Betano do Brasil,2,15592345,vPsXMHd,Fortaleza,Maguary,,Maguary,False,1086279,Vinicius Barcellos,vinicius-barcellos,D,15,True,2026-04-28T19:59:19.352827Z,,,,,,,,,,,,,,,,,,,,,,,,,,,,,,,,
2026,Copa Betano do Brasil,2,15592345,vPsXMHd,Fortaleza,Maguary,,Maguary,False,2027711,Gabriel Fontes,gabriel-fontes,D,16,True,2026-04-28T19:59:19.352827Z,,,,,,,,,,,,,,,,,,,,,,,,,,,,,,,,
2026,Copa Betano do Brasil,2,15592345,vPsXMHd,Fortaleza,Maguary,,Maguary,False,1188762,Gabriel Furtado,jordan-gabriel-furtado,M,21,True,2026-04-28T19:59:19.352827Z,,,,,,,,,,,,,,,,,,,,,,,,,,,,,,,,
2026,Copa Betano do Brasil,2,15592345,vPsXMHd,Fortaleza,Maguary,,Maguary,False,1655145,Richardson Silva Santos,richardson-silva-santos,M,27,True,2026-04-28T19:59:19.352827Z,,,,,,,,,,,,,,,,,,,,,,,,,,,,,,,,
2026,"Cearense, Serie A, Playoffs",29,15603895,bPsvP,Fortaleza,Ceará,,Fortaleza,True,914481,Brenno,brenno,G,12,False,2026-04-28T19:59:50.260931Z,90.0,6.0,20.0,12.0,10.0,2.0,0.0,11.0,12.0,1.0,8.0,0.89328063226857,15.510043839321,,0.0,,3.0,0.0,2.0,1.0,,1.0,25.0,8.0,5.0,,0.0,-0.01,-0.14,-0.65,0.0003,
2026,"Cearense, Serie A, Playoffs",29,15603895,bPsvP,Fortaleza,Ceará,,Fortaleza,True,973857,Maílton,mailton,D,22,False,2026-04-28T19:59:50.260931Z,90.0,6.6,27.0,20.0,3.0,,0.0,3.0,7.0,17.0,20.0,68.21599882806,134.49047673889,48.863896486406,2.0,32.491154785047,15.0,2.0,1.0,5.0,4.0,,65.0,22.0,3.0,,0.38,0.17,-0.17,,,
2026,"Cearense, Serie A, Playoffs",29,15603895,bPsvP,Fortaleza,Ceará,,Fortaleza,True,789395,Emanuel Brítez,emanuel-britez,D,2,False,2026-04-28T19:59:50.260931Z,90.0,6.5,40.0,31.0,9.0,2.0,0.0,17.0,20.0,14.0,20.0,-12.220055589343,72.072407956961,,0.0,,12.0,2.0,2.0,2.0,,,46.0,9.0,2.0,,0.18,0.01,-0.13,,,
2026,"Cearense, Serie A, Playoffs",29,15603895,bPsvP,Fortaleza,Ceará,,Fortaleza,True,1103705,Lucas Gazal,lucas-gazal,D,3,False,2026-04-28T19:59:50.260931Z,90.0,7.0,52.0,43.0,11.0,3.0,0.0,38.0,39.0,5.0,13.0,52.274086508243,105.40138356332,,0.0,,16.0,1.0,8.0,3.0,1.0,,62.0,9.0,1.0,,0.12,0.0,-0.04,,,
2026,"Cearense, Serie A, Playoffs",29,15603895,bPsvP,Fortaleza,Ceará,,Fortaleza,True,986064,Luan Freitas,luan-freitas,D,4,False,2026-04-28T19:59:50.260931Z,90.0,6.2,41.0,37.0,3.0,,0.0,32.0,35.0,5.0,6.0,-14.046268324926,73.082776560517,,0.0,,14.0,0.0,3.0,2.0,2.0,,48.0,4.0,1.0,,0.01,0.08,-0.11,,,
2026,"Cearense, Serie A, Playoffs",29,15603895,bPsvP,Fortaleza,Ceará,,Fortaleza,True,927551,Gabriel Fuentes,gabriel-fuentes,D,18,False,2026-04-28T19:59:50.260931Z,90.0,6.5,23.0,14.0,4.0,2.0,0.0,8.0,11.0,6.0,12.0,2.7566687321022,45.586333960214,14.511423121114,1.0,11.590939999369,6.0,0.0,1.0,4.0,1.0,,37.0,11.0,1.0,,-0.04,0.06,-0.17,,,
2026,"Cearense, Serie A, Playoffs",29,15603895,bPsvP,Fortaleza,Ceará,,Fortaleza,True,1173040,Rodrigo Santos,rodrigo-santos,M,29,False,2026-04-28T19:59:50.260931Z,64.0,6.9,16.0,14.0,,,0.0,4.0,4.0,10.0,12.0,30.016176062325,62.699106638619,11.374403544802,1.0,9.3139094015256,8.0,1.0,1.0,5.0,,,28.0,5.0,2.0,,0.11,0.23,0.15,,,
2026,"Cearense, Serie A, Playoffs",29,15603895,bPsvP,Fortaleza,Ceará,,Fortaleza,True,123225,Lucas Sasha,lucas-sasha,M,88,False,2026-04-28T19:59:50.260931Z,90.0,6.7,37.0,32.0,3.0,,0.0,13.0,14.0,19.0,23.0,13.966856120977,42.745480733772,,0.0,,8.0,0.0,3.0,8.0,4.0,,53.0,7.0,3.0,,0.23,0.04,-0.01,,,
2026,"Cearense, Serie A, Playoffs",29,15603895,bPsvP,Fortaleza,Ceará,,Fortaleza,True,1017710,Pierre,pierre,M,5,False,2026-04-28T19:59:50.260931Z,80.0,6.6,39.0,35.0,,,0.0,21.0,22.0,14.0,17.0,9.0096371384042,78.922855109108,,0.0,,13.0,0.0,,2.0,1.0,,47.0,6.0,2.0,,0.0,0.04,-0.05,,,
2026,"Cearense, Serie A, Playoffs",29,15603895,bPsvP,Fortaleza,Ceará,,Fortaleza,True,874143,Luiz Fernando,luiz-fernando,F,32,False,2026-04-28T19:59:50.260931Z,80.0,6.3,8.0,7.0,,,0.0,1.0,2.0,6.0,6.0,-2.7019692352321,42.931693224899,,0.0,,5.0,3.0,,2.0,1.0,,22.0,5.0,1.0,,0.03,-0.44,-0.02,,,
2026,"Cearense, Serie A, Playoffs",29,15603895,bPsvP,Fortaleza,Ceará,,Fortaleza,True,824626,Tomás Pochettino,tomas-pochettino,F,7,False,2026-04-28T19:59:50.260931Z,64.0,6.9,10.0,6.0,4.0,3.0,0.0,,1.0,6.0,9.0,16.43416020037,45.008701530942,16.650701006264,1.0,15.990188784071,6.0,1.0,1.0,3.0,1.0,,22.0,8.0,2.0,,0.3,0.09,-0.01,,,
2026,"Cearense, Serie A, Playoffs",29,15603895,bPsvP,Fortaleza,Ceará,,Fortaleza,True,1587711,Ronald,ronald,M,8,True,2026-04-28T19:59:50.260931Z,26.0,6.9,14.0,12.0,,,0.0,8.0,8.0,4.0,6.0,17.93109427665,22.703610698432,14.932312479988,1.0,13.989170212675,2.0,0.0,,2.0,1.0,,18.0,3.0,2.0,,-0.02,0.02,0.24,,,
2026,"Cearense, Serie A, Playoffs",29,15603895,bPsvP,Fortaleza,Ceará,,Fortaleza,True,1631235,Lucca Prior,lucca-prior,M,38,True,2026-04-28T19:59:50.260931Z,26.0,6.3,9.0,7.0,1.0,,0.0,1.0,1.0,6.0,8.0,26.272893593908,41.00698149435,19.127588060182,1.0,19.121113560859,4.0,0.0,,1.0,1.0,,11.0,3.0,,,-0.05,0.15,-0.06,,,
2026,"Cearense, Serie A, Playoffs",29,15603895,bPsvP,Fortaleza,Ceará,,Fortaleza,True,795178,Lucas Crispim,lucas-crispim,M,10,True,2026-04-28T19:59:50.260931Z,10.0,6.6,2.0,2.0,,,0.0,1.0,1.0,1.0,1.0,-17.872497794755,24.626484052352,,0.0,,2.0,1.0,,2.0,,,5.0,,,,0.0,-0.13,-0.04,,,
2026,"Cearense, Serie A, Playoffs",29,15603895,bPsvP,Fortaleza,Ceará,,Fortaleza,True,2104437,Lucas Emanoel,lucas-emanoel,M,19,True,2026-04-28T19:59:50.260931Z,10.0,6.8,2.0,2.0,,,0.0,1.0,1.0,1.0,1.0,6.3008932042307,6.3600604556875,,0.0,,1.0,1.0,,,,,3.0,,,,0.01,0.0,-0.06,,,
2026,"Cearense, Serie A, Playoffs",29,15603895,bPsvP,Fortaleza,Ceará,,Fortaleza,True,559582,Vinicius Silvestre,vinicius-silvestre,G,25,True,2026-04-28T19:59:50.260931Z,,,,,,,,,,,,,,,,,,0.0,,,,,,,,,,,,,,
2026,"Cearense, Serie A, Playoffs",29,15603895,bPsvP,Fortaleza,Ceará,,Fortaleza,True,1652917,Guilherme Moura,da-fonseca-guilherme-moura,D,36,True,2026-04-28T19:59:50.260931Z,,,,,,,,,,,,,,,,,,0.0,,,,,,,,,,,,,,
2026,"Cearense, Serie A, Playoffs",29,15603895,bPsvP,Fortaleza,Ceará,,Fortaleza,True,1868762,Kauã Rocha,victor-kaua-guimaraes-rocha,D,33,True,2026-04-28T19:59:50.260931Z,,,,,,,,,,,,,,,,,,0.0,,,,,,,,,,,,,,
2026,"Cearense, Serie A, Playoffs",29,15603895,bPsvP,Fortaleza,Ceará,,Fortaleza,True,1170779,Ryan Gustavo,ryan-gustavo,M,37,True,2026-04-28T19:59:50.260931Z,,,,,,,,,,,,,,,,,,0.0,,,,,,,,,,,,,,
2026,"Cearense, Serie A, Playoffs",29,15603895,bPsvP,Fortaleza,Ceará,,Fortaleza,True,1174770,Rodriguinho,rodriguinho,M,75,True,2026-04-28T19:59:50.260931Z,,,,,,,,,,,,,,,,,,0.0,,,,,,,,,,,,,,
2026,"Cearense, Serie A, Playoffs",29,15603895,bPsvP,Fortaleza,Ceará,,Fortaleza,True,2104054,Bruninho,bruninho,M,35,True,2026-04-28T19:59:50.260931Z,,,,,,,,,,,,,,,,,,0.0,,,,,,,,,,,,,,
2026,"Cearense, Serie A, Playoffs",29,15603895,bPsvP,Fortaleza,Ceará,,Fortaleza,True,1444693,Gabriel Souza,gabriel-souza-gb,F,21,True,2026-04-28T19:59:50.260931Z,,,,,,,,,,,,,,,,,,0.0,,,,,,,,,,,,,,
2026,"Cearense, Serie A, Playoffs",29,15603895,bPsvP,Fortaleza,Ceará,,Fortaleza,True,1066721,Vitinho,vitinho,F,11,True,2026-04-28T19:59:50.260931Z,,,,,,,,,,,,,,,,,,0.0,,,,,,,,,,,,,,
2026,"Cearense, Serie A, Playoffs",29,15603895,bPsvP,Fortaleza,Ceará,,Ceará,False,883906,Richard,richard,G,1,False,2026-04-28T19:59:50.260931Z,90.0,7.2,19.0,16.0,5.0,2.0,0.0,16.0,17.0,,2.0,2.7345339375273,29.072320099048,,0.0,,4.0,0.0,,,,4.0,28.0,3.0,7.0,,0.02,-0.08,-0.07,0.4,0.4617,
2026,"Cearense, Serie A, Playoffs",29,15603895,bPsvP,Fortaleza,Ceará,,Ceará,False,1185832,Júlio César,julio-cesar,D,18,False,2026-04-28T19:59:50.260931Z,71.0,7.6,56.0,50.0,9.0,7.0,0.0,32.0,35.0,18.0,21.0,89.090174035435,274.40066886951,,0.0,,35.0,1.0,,7.0,,,64.0,7.0,3.0,,0.22,0.15,0.15,,,
2026,"Cearense, Serie A, Playoffs",29,15603895,bPsvP,Fortaleza,Ceará,,Ceará,False,842072,Éder,eder-ferreira,D,33,False,2026-04-28T19:59:50.260931Z,90.0,6.7,62.0,56.0,12.0,9.0,0.0,50.0,51.0,6.0,11.0,52.244650984236,170.17116347443,,0.0,,24.0,0.0,5.0,2.0,,,73.0,8.0,2.0,,0.16,0.09,-0.06,,,
2026,"Cearense, Serie A, Playoffs",29,15603895,bPsvP,Fortaleza,Ceará,,Ceará,False,874778,Luiz Otávio,luiz-otavio,D,4,False,2026-04-28T19:59:50.260931Z,90.0,7.6,73.0,62.0,20.0,13.0,0.0,37.0,39.0,25.0,34.0,59.082863186381,219.02119771953,21.714859635743,1.0,21.585815224647,33.0,2.0,6.0,6.0,,,89.0,13.0,2.0,,0.42,0.07,0.26,,,
2026,"Cearense, Serie A, Playoffs",29,15603895,bPsvP,Fortaleza,Ceará,,Ceará,False,335187,Alex Silva,alex-silva,M,21,False,2026-04-28T19:59:50.260931Z,90.0,6.4,25.0,21.0,3.0,2.0,0.0,14.0,15.0,7.0,10.0,68.917499792893,128.33187821349,47.68158021998,2.0,32.563377070401,14.0,0.0,1.0,3.0,1.0,,47.0,15.0,,,-0.48,0.37,0.16,,,
2026,"Cearense, Serie A, Playoffs",29,15603895,bPsvP,Fortaleza,Ceará,,Ceará,False,1048254,Lucas Lima,lucas-lima,M,31,False,2026-04-28T19:59:50.260931Z,90.0,6.6,21.0,16.0,,,0.0,6.0,9.0,10.0,12.0,5.4727629195992,29.600311180648,,0.0,,4.0,0.0,,4.0,2.0,,30.0,8.0,3.0,,0.08,0.03,-0.04,,,
2026,"Cearense, Serie A, Playoffs",29,15603895,bPsvP,Fortaleza,Ceará,,Ceará,False,973841,Vinicius Zanocelo,vinicius-zanocelo,M,25,False,2026-04-28T19:59:50.260931Z,90.0,7.0,43.0,39.0,8.0,7.0,0.0,24.0,25.0,15.0,18.0,-32.293110128398,129.43646145215,,0.0,,18.0,1.0,1.0,6.0,3.0,,54.0,5.0,1.0,,0.25,0.01,-0.11,,,
2026,"Cearense, Serie A, Playoffs",29,15603895,bPsvP,Fortaleza,Ceará,,Ceará,False,1017746,Fernando,fernando,M,17,False,2026-04-28T19:59:50.260931Z,66.0,6.8,27.0,23.0,2.0,2.0,0.0,12.0,13.0,11.0,14.0,37.570737424223,111.08139821714,,0.0,,17.0,1.0,1.0,5.0,3.0,,46.0,11.0,3.0,,0.16,0.03,-0.02,,,
2026,"Cearense, Serie A, Playoffs",29,15603895,bPsvP,Fortaleza,Ceará,,Ceará,False,219190,Pedro Henrique,pedro-henrique,F,7,False,2026-04-28T19:59:50.260931Z,71.0,6.2,14.0,9.0,2.0,1.0,0.0,4.0,5.0,5.0,9.0,-10.508052918954,105.23377518144,,0.0,,11.0,2.0,,3.0,,,24.0,10.0,2.0,,-0.31,-0.52,0.0,,,
2026,"Cearense, Serie A, Playoffs",29,15603895,bPsvP,Fortaleza,Ceará,,Ceará,False,937265,Wendel,wendel,F,9,False,2026-04-28T19:59:50.260931Z,80.0,6.5,9.0,6.0,,,0.0,1.0,1.0,5.0,8.0,-14.537569987363,40.755589077166,,0.0,,5.0,0.0,1.0,4.0,2.0,,16.0,6.0,1.0,,-0.05,-0.07,0.14,,,
2026,"Cearense, Serie A, Playoffs",29,15603895,bPsvP,Fortaleza,Ceará,,Ceará,False,822523,Matheusinho,matheusinho,F,98,False,2026-04-28T19:59:50.260931Z,66.0,6.5,9.0,6.0,1.0,,0.0,4.0,5.0,2.0,4.0,2.3260132706614,24.349170591623,,0.0,,6.0,0.0,,3.0,2.0,,24.0,10.0,2.0,,0.05,-0.07,-0.04,,,
2026,"Cearense, Serie A, Playoffs",29,15603895,bPsvP,Fortaleza,Ceará,,Ceará,False,788195,Rafael Ramos,rafael-ramos,D,2,True,2026-04-28T19:59:50.260931Z,24.0,6.3,6.0,4.0,1.0,,1.0,3.0,4.0,1.0,2.0,14.158065518362,32.461440355552,,0.0,,4.0,0.0,,1.0,,,13.0,4.0,,,0.27,-0.06,-0.17,,,
2026,"Cearense, Serie A, Playoffs",29,15603895,bPsvP,Fortaleza,Ceará,,Ceará,False,2440251,Melk,melk,M,40,True,2026-04-28T19:59:50.260931Z,24.0,6.7,3.0,3.0,1.0,1.0,0.0,1.0,1.0,2.0,2.0,2.2977978835984,12.553507324883,,0.0,,2.0,0.0,,2.0,1.0,,7.0,2.0,1.0,,0.02,0.01,-0.03,,,
2026,"Cearense, Serie A, Playoffs",29,15603895,bPsvP,Fortaleza,Ceará,,Ceará,False,1589365,Pedro Gilmar,pedro-gilmar-de-souza-amorim-neto,D,63,True,2026-04-28T19:59:50.260931Z,19.0,6.2,9.0,8.0,1.0,,0.0,6.0,6.0,2.0,3.0,12.890801264023,41.071178153832,,0.0,,7.0,0.0,,,,,10.0,1.0,1.0,,0.02,0.02,-0.17,,,
2026,"Cearense, Serie A, Playoffs",29,15603895,bPsvP,Fortaleza,Ceará,,Ceará,False,871219,Fernandinho,fernandinho,F,11,True,2026-04-28T19:59:50.260931Z,19.0,6.5,1.0,1.0,1.0,1.0,0.0,1.0,1.0,,,29.341429975583,43.592935238895,22.014762342574,1.0,21.97130850172,3.0,1.0,,,,,5.0,2.0,1.0,,-0.01,0.21,0.0,,,
2026,"Cearense, Serie A, Playoffs",29,15603895,bPsvP,Fortaleza,Ceará,,Ceará,False,1199435,Lucca,lucca,F,99,True,2026-04-28T19:59:50.260931Z,10.0,7.5,1.0,1.0,,,0.0,1.0,1.0,,,,,,,,,1.0,,1.0,,,3.0,,,,0.0,,0.27,,,
2026,"Cearense, Serie A, Playoffs",29,15603895,bPsvP,Fortaleza,Ceará,,Ceará,False,1639127,Jorge Bartholdy,jorge-bartholdy,G,23,True,2026-04-28T19:59:50.260931Z,,,,,,,,,,,,,,,,,,0.0,,,,,,,,,,,,,,
2026,"Cearense, Serie A, Playoffs",29,15603895,bPsvP,Fortaleza,Ceará,,Ceará,False,2537130,Gustavo Dias Martins,gustavo-dias-martins,G,41,True,2026-04-28T19:59:50.260931Z,,,,,,,,,,,,,,,,,,0.0,,,,,,,,,,,,,,
2026,"Cearense, Serie A, Playoffs",29,15603895,bPsvP,Fortaleza,Ceará,,Ceará,False,1066226,Ronald,ronald,D,3,True,2026-04-28T19:59:50.260931Z,,,,,,,,,,,,,,,,,,0.0,,,,,,,,,,,,,,
2026,"Cearense, Serie A, Playoffs",29,15603895,bPsvP,Fortaleza,Ceará,,Ceará,False,871204,Luiz Otávio,luiz-otavio,D,13,True,2026-04-28T19:59:50.260931Z,,,,,,,,,,,,,,,,,,0.0,,,,,,,,,,,,,,
2026,"Cearense, Serie A, Playoffs",29,15603895,bPsvP,Fortaleza,Ceará,,Ceará,False,870758,Richardson,richardson,M,26,True,2026-04-28T19:59:50.260931Z,,,,,,,,,,,,,,,,,,0.0,,,,,,,,,,,,,,
2026,"Cearense, Serie A, Playoffs",29,15603895,bPsvP,Fortaleza,Ceará,,Ceará,False,1631766,Giulio,giulio-gabriel-da-silva,F,35,True,2026-04-28T19:59:50.260931Z,,,,,,,,,,,,,,,,,,0.0,,,,,,,,,,,,,,
2026,"Cearense, Serie A, Playoffs",29,15603895,bPsvP,Fortaleza,Ceará,,Ceará,False,2118168,João Gabriel,joao-gabriel,M,81,True,2026-04-28T19:59:50.260931Z,,,,,,,,,,,,,,,,,,0.0,,,,,,,,,,,,,,
